symbol,level_p,difference_p,plausible_i1,window,formation_start,formation_end,trading_start,trading_end
BAC,0.6965881078221201,0.0,True,1,2018-01-02,2020-01-02,2020-01-03,2020-07-02
BK,0.23223238749610514,0.0,True,1,2018-01-02,2020-01-02,2020-01-03,2020-07-02
C,0.6333494675518035,0.0,True,1,2018-01-02,2020-01-02,2020-01-03,2020-07-02
GS,0.35651261561803316,0.0,True,1,2018-01-02,2020-01-02,2020-01-03,2020-07-02
JPM,0.9552713532074496,0.0,True,1,2018-01-02,2020-01-02,2020-01-03,2020-07-02
MS,0.4305632567778847,0.0,True,1,2018-01-02,2020-01-02,2020-01-03,2020-07-02
PNC,0.7056986111644376,0.0,True,1,2018-01-02,2020-01-02,2020-01-03,2020-07-02
TFC,0.3027787968725354,0.0,True,1,2018-01-02,2020-01-02,2020-01-03,2020-07-02
USB,0.6990648196878363,5.0060333954610646e-27,True,1,2018-01-02,2020-01-02,2020-01-03,2020-07-02
WFC,0.2037969183903377,1.2825332603199279e-11,True,1,2018-01-02,2020-01-02,2020-01-03,2020-07-02
BAC,0.11155003032666683,3.2594941568828825e-07,True,2,2018-07-03,2020-07-02,2020-07-06,2020-12-31
BK,0.20252863927875053,1.80600616375643e-08,True,2,2018-07-03,2020-07-02,2020-07-06,2020-12-31
C,0.2327830705407119,1.2291295933343205e-07,True,2,2018-07-03,2020-07-02,2020-07-06,2020-12-31
GS,0.03926220691298446,6.446003611036746e-08,False,2,2018-07-03,2020-07-02,2020-07-06,2020-12-31
JPM,0.15321294014427866,1.6606716131493479e-06,True,2,2018-07-03,2020-07-02,2020-07-06,2020-12-31
MS,0.02232130953673534,1.495429519101316e-07,False,2,2018-07-03,2020-07-02,2020-07-06,2020-12-31
PNC,0.11926872711082032,3.846696728576008e-06,True,2,2018-07-03,2020-07-02,2020-07-06,2020-12-31
TFC,0.15365411433425036,5.573296933107054e-07,True,2,2018-07-03,2020-07-02,2020-07-06,2020-12-31
USB,0.505689731322608,9.537845347943057e-07,True,2,2018-07-03,2020-07-02,2020-07-06,2020-12-31
WFC,0.8608698421520236,1.0176308559968117e-07,True,2,2018-07-03,2020-07-02,2020-07-06,2020-12-31
BAC,0.12377021551470724,1.4603739817579644e-08,True,3,2019-01-03,2020-12-31,2021-01-04,2021-07-02
BK,0.28972658803869444,3.0214275612363854e-11,True,3,2019-01-03,2020-12-31,2021-01-04,2021-07-02
C,0.297614725009023,5.2759282478746695e-08,True,3,2019-01-03,2020-12-31,2021-01-04,2021-07-02
GS,0.2508952097193058,2.8518091767806355e-10,True,3,2019-01-03,2020-12-31,2021-01-04,2021-07-02
JPM,0.2458685311674086,1.2562558786523174e-07,True,3,2019-01-03,2020-12-31,2021-01-04,2021-07-02
MS,0.8014719879566616,1.103939750649072e-09,True,3,2019-01-03,2020-12-31,2021-01-04,2021-07-02
PNC,0.24891274460776275,6.917982472771031e-07,True,3,2019-01-03,2020-12-31,2021-01-04,2021-07-02
TFC,0.20769564964323434,1.854424292605075e-08,True,3,2019-01-03,2020-12-31,2021-01-04,2021-07-02
USB,0.5010111045325384,2.9853916138205674e-10,True,3,2019-01-03,2020-12-31,2021-01-04,2021-07-02
WFC,0.7138118576203347,6.900955513574879e-08,True,3,2019-01-03,2020-12-31,2021-01-04,2021-07-02
BAC,0.8319264355133322,1.4985389193161744e-08,True,4,2019-07-05,2021-07-02,2021-07-06,2021-12-31
BK,0.5282098859981803,1.6238569605461234e-10,True,4,2019-07-05,2021-07-02,2021-07-06,2021-12-31
C,0.400534124146467,8.601561115314905e-08,True,4,2019-07-05,2021-07-02,2021-07-06,2021-12-31
GS,0.9706974321199401,4.066944772246485e-10,True,4,2019-07-05,2021-07-02,2021-07-06,2021-12-31
JPM,0.7905837417402979,4.426795731464966e-08,True,4,2019-07-05,2021-07-02,2021-07-06,2021-12-31
MS,0.9738753331025402,2.911991960330042e-10,True,4,2019-07-05,2021-07-02,2021-07-06,2021-12-31
PNC,0.8376106794034774,6.925579214177828e-07,True,4,2019-07-05,2021-07-02,2021-07-06,2021-12-31
TFC,0.51296349901696,2.249557039763793e-08,True,4,2019-07-05,2021-07-02,2021-07-06,2021-12-31
USB,0.7052369477227162,2.9075409470705724e-10,True,4,2019-07-05,2021-07-02,2021-07-06,2021-12-31
WFC,0.7028548301040985,7.413213454218214e-08,True,4,2019-07-05,2021-07-02,2021-07-06,2021-12-31
BAC,0.8885692074711926,4.7304110159178464e-11,True,5,2020-01-03,2021-12-31,2022-01-03,2022-07-05
BK,0.8041785562299345,2.2793979386392663e-10,True,5,2020-01-03,2021-12-31,2022-01-03,2022-07-05
C,0.28294977672019583,3.925936135100918e-08,True,5,2020-01-03,2021-12-31,2022-01-03,2022-07-05
GS,0.909866022074501,4.779117954181199e-11,True,5,2020-01-03,2021-12-31,2022-01-03,2022-07-05
JPM,0.8295942875524354,4.154238415569377e-09,True,5,2020-01-03,2021-12-31,2022-01-03,2022-07-05
MS,0.9220221009581319,1.5647490101407607e-11,True,5,2020-01-03,2021-12-31,2022-01-03,2022-07-05
PNC,0.8865050766784601,2.8729456890135445e-08,True,5,2020-01-03,2021-12-31,2022-01-03,2022-07-05
TFC,0.661946396278625,5.458236478873828e-11,True,5,2020-01-03,2021-12-31,2022-01-03,2022-07-05
USB,0.7531405801213403,6.3475810705889904e-12,True,5,2020-01-03,2021-12-31,2022-01-03,2022-07-05
WFC,0.7432831321838308,3.0067603854870703e-12,True,5,2020-01-03,2021-12-31,2022-01-03,2022-07-05
BAC,0.4525399695502941,0.0,True,6,2020-07-06,2022-07-05,2022-07-06,2023-01-03
BK,0.5582988332924278,0.0,True,6,2020-07-06,2022-07-05,2022-07-06,2023-01-03
C,0.646403310518162,2.475380343823112e-27,True,6,2020-07-06,2022-07-05,2022-07-06,2023-01-03
GS,0.4137448697690693,0.0,True,6,2020-07-06,2022-07-05,2022-07-06,2023-01-03
JPM,0.3706464444294985,0.0,True,6,2020-07-06,2022-07-05,2022-07-06,2023-01-03
MS,0.35051856608787446,0.0,True,6,2020-07-06,2022-07-05,2022-07-06,2023-01-03
PNC,0.30404929123316304,0.0,True,6,2020-07-06,2022-07-05,2022-07-06,2023-01-03
TFC,0.2185973700872746,3.550014818825701e-30,True,6,2020-07-06,2022-07-05,2022-07-06,2023-01-03
USB,0.3480938933229706,0.0,True,6,2020-07-06,2022-07-05,2022-07-06,2023-01-03
WFC,0.5203090232666898,0.0,True,6,2020-07-06,2022-07-05,2022-07-06,2023-01-03
BAC,0.2425421053898686,0.0,True,7,2021-01-04,2023-01-03,2023-01-04,2023-07-06
BK,0.33130344861649663,0.0,True,7,2021-01-04,2023-01-03,2023-01-04,2023-07-06
C,0.7385142737580008,2.9159760125762816e-27,True,7,2021-01-04,2023-01-03,2023-01-04,2023-07-06
GS,0.06450216988495695,0.0,True,7,2021-01-04,2023-01-03,2023-01-04,2023-07-06
JPM,0.36929519278474354,0.0,True,7,2021-01-04,2023-01-03,2023-01-04,2023-07-06
MS,0.06318481759045932,0.0,True,7,2021-01-04,2023-01-03,2023-01-04,2023-07-06
PNC,0.1591965548828036,8.290871609626702e-30,True,7,2021-01-04,2023-01-03,2023-01-04,2023-07-06
TFC,0.3336666809571823,3.9612299446472074e-30,True,7,2021-01-04,2023-01-03,2023-01-04,2023-07-06
USB,0.3378035349588483,0.0,True,7,2021-01-04,2023-01-03,2023-01-04,2023-07-06
WFC,0.03643088332928699,0.0,False,7,2021-01-04,2023-01-03,2023-01-04,2023-07-06
BAC,0.7007590439834761,0.0,True,8,2021-07-06,2023-07-06,2023-07-07,2024-01-04
BK,0.47707446136230114,0.0,True,8,2021-07-06,2023-07-06,2023-07-07,2024-01-04
C,0.5392138714891405,3.704272931224134e-27,True,8,2021-07-06,2023-07-06,2023-07-07,2024-01-04
GS,0.1709066625358563,0.0,True,8,2021-07-06,2023-07-06,2023-07-07,2024-01-04
JPM,0.42488272517643755,0.0,True,8,2021-07-06,2023-07-06,2023-07-07,2024-01-04
MS,0.07888767593218471,0.0,True,8,2021-07-06,2023-07-06,2023-07-07,2024-01-04
PNC,0.7576213253794366,0.0,True,8,2021-07-06,2023-07-06,2023-07-07,2024-01-04
TFC,0.862890936021957,0.0,True,8,2021-07-06,2023-07-06,2023-07-07,2024-01-04
USB,0.8014181701283059,0.0,True,8,2021-07-06,2023-07-06,2023-07-07,2024-01-04
WFC,0.1210160559044629,0.0,True,8,2021-07-06,2023-07-06,2023-07-07,2024-01-04
BAC,0.06978622339481591,0.0,True,9,2022-01-03,2024-01-04,2024-01-05,2024-07-08
BK,0.22624684453264648,0.0,True,9,2022-01-03,2024-01-04,2024-01-05,2024-07-08
C,0.12424186441363638,1.5990559689601664e-26,True,9,2022-01-03,2024-01-04,2024-01-05,2024-07-08
GS,0.04699675804682548,0.0,False,9,2022-01-03,2024-01-04,2024-01-05,2024-07-08
JPM,0.8595616992762415,0.0,True,9,2022-01-03,2024-01-04,2024-01-05,2024-07-08
MS,0.02508389925084592,0.0,False,9,2022-01-03,2024-01-04,2024-01-05,2024-07-08
PNC,0.22201559654916525,0.0,True,9,2022-01-03,2024-01-04,2024-01-05,2024-07-08
TFC,0.4302433969363132,0.0,True,9,2022-01-03,2024-01-04,2024-01-05,2024-07-08
USB,0.3375844616078668,0.0,True,9,2022-01-03,2024-01-04,2024-01-05,2024-07-08
WFC,0.04606055608040044,8.974413271607751e-27,False,9,2022-01-03,2024-01-04,2024-01-05,2024-07-08
BAC,0.7847460209246557,0.0,True,10,2022-07-06,2024-07-08,2024-07-09,2025-01-06
BK,0.89324937510258,0.0,True,10,2022-07-06,2024-07-08,2024-07-09,2025-01-06
C,0.9369398923166952,0.0,True,10,2022-07-06,2024-07-08,2024-07-09,2025-01-06
GS,0.9155869020586008,0.0,True,10,2022-07-06,2024-07-08,2024-07-09,2025-01-06
JPM,0.959207204039174,0.0,True,10,2022-07-06,2024-07-08,2024-07-09,2025-01-06
MS,0.24909183373559862,8.309789850321784e-29,True,10,2022-07-06,2024-07-08,2024-07-09,2025-01-06
PNC,0.49766241716982784,0.0,True,10,2022-07-06,2024-07-08,2024-07-09,2025-01-06
TFC,0.3618442869335717,0.0,True,10,2022-07-06,2024-07-08,2024-07-09,2025-01-06
USB,0.3185734060708945,0.0,True,10,2022-07-06,2024-07-08,2024-07-09,2025-01-06
WFC,0.8256641493312168,3.9661032609603593e-26,True,10,2022-07-06,2024-07-08,2024-07-09,2025-01-06
BAC,0.9368390690759694,0.0,True,11,2023-01-04,2025-01-06,2025-01-07,2025-07-10
BK,0.9901872802463318,0.0,True,11,2023-01-04,2025-01-06,2025-01-07,2025-07-10
C,0.9498149898990058,0.0,True,11,2023-01-04,2025-01-06,2025-01-07,2025-07-10
GS,0.9799322923121756,0.0,True,11,2023-01-04,2025-01-06,2025-01-07,2025-07-10
JPM,0.9680609737521076,0.0,True,11,2023-01-04,2025-01-06,2025-01-07,2025-07-10
MS,0.9477720284237148,0.0,True,11,2023-01-04,2025-01-06,2025-01-07,2025-07-10
PNC,0.9361081536975401,0.0,True,11,2023-01-04,2025-01-06,2025-01-07,2025-07-10
TFC,0.6905069573716058,0.0,True,11,2023-01-04,2025-01-06,2025-01-07,2025-07-10
USB,0.7632794332565316,0.0,True,11,2023-01-04,2025-01-06,2025-01-07,2025-07-10
WFC,0.9574081818985262,0.0,True,11,2023-01-04,2025-01-06,2025-01-07,2025-07-10
BAC,0.676767969356945,0.0,True,12,2023-07-07,2025-07-10,2025-07-11,2025-07-31
BK,0.9539115051349125,1.1231262731302794e-17,True,12,2023-07-07,2025-07-10,2025-07-11,2025-07-31
C,0.9119983280225425,0.0,True,12,2023-07-07,2025-07-10,2025-07-11,2025-07-31
GS,0.952111096549582,0.0,True,12,2023-07-07,2025-07-10,2025-07-11,2025-07-31
JPM,0.9349366686237357,0.0,True,12,2023-07-07,2025-07-10,2025-07-11,2025-07-31
MS,0.9133426243790173,0.0,True,12,2023-07-07,2025-07-10,2025-07-11,2025-07-31
PNC,0.731095531274162,0.0,True,12,2023-07-07,2025-07-10,2025-07-11,2025-07-31
TFC,0.650109726123429,0.0,True,12,2023-07-07,2025-07-10,2025-07-11,2025-07-31
USB,0.3728270309047128,0.0,True,12,2023-07-07,2025-07-10,2025-07-11,2025-07-31
WFC,0.8707402167750445,0.0,True,12,2023-07-07,2025-07-10,2025-07-11,2025-07-31
