Date,BAC-PNC,TFC-USB
2018-01-02,0.0,0.0
2018-01-03,-0.0,0.0
2018-01-04,0.0,0.0
2018-01-05,0.0,-0.0
2018-01-08,-0.0,0.0
2018-01-09,0.0,0.0
2018-01-10,0.0,0.0
2018-01-11,0.0,-0.0
2018-01-12,0.0,-0.0
2018-01-16,-0.0,-0.0
2018-01-17,-0.0,0.0
2018-01-18,0.0,0.0
2018-01-19,0.0,0.0
2018-01-22,0.0,-0.0
2018-01-23,-0.0,0.0
2018-01-24,0.0,-0.0
2018-01-25,-0.0,-0.0
2018-01-26,0.0,0.0
2018-01-29,0.0,0.0
2018-01-30,-0.0,0.0
2018-01-31,0.0,0.0
2018-02-01,0.0,0.0
2018-02-02,-0.0,-0.0
2018-02-05,-0.0,-0.0
2018-02-06,0.0,0.0
2018-02-07,0.0,-0.0
2018-02-08,-0.0,-0.0
2018-02-09,0.0,0.0
2018-02-12,0.0,0.0
2018-02-13,0.0,0.0
2018-02-14,0.0,0.0
2018-02-15,0.0,0.0
2018-02-16,-0.0,-0.0
2018-02-20,-0.0,0.0
2018-02-21,-0.0,0.0
2018-02-22,-0.0,0.0
2018-02-23,0.0,-0.0
2018-02-26,0.0,0.0
2018-02-27,-0.0,-0.0
2018-02-28,-0.0,0.0
2018-03-01,-0.0,0.0
2018-03-02,0.0,0.0
2018-03-05,0.0,0.0
2018-03-06,-0.0,0.0
2018-03-07,0.0,0.0
2018-03-08,0.0,-0.0
2018-03-09,0.0,-0.0
2018-03-12,0.0,-0.0
2018-03-13,-0.0,0.0
2018-03-14,-0.0,0.0
2018-03-15,-0.0,-0.0
2018-03-16,-0.0,0.0
2018-03-19,-0.0,0.0
2018-03-20,0.0,-0.0
2018-03-21,-0.0,0.0
2018-03-22,-0.0,-0.0
2018-03-23,-0.0,-0.0
2018-03-26,0.0,-0.0
2018-03-27,-0.0,0.0
2018-03-28,-0.0,-0.0
2018-03-29,0.0,0.0
2018-04-02,-0.0,-0.0
2018-04-03,0.0,0.0
2018-04-04,0.007652927483740432,0.0
2018-04-05,0.014330154244231988,-0.0
2018-04-06,-0.015458256785513075,-0.0
2018-04-09,0.0,0.0
2018-04-10,0.0,0.0
2018-04-11,-0.0,0.0
2018-04-12,0.0,0.0
2018-04-13,-0.0,-0.0
2018-04-16,0.0,-0.0
2018-04-17,-0.008477254861328169,-0.0
2018-04-18,-0.0,0.0
2018-04-19,-0.01775718178823594,0.0
2018-04-20,-0.0028757242537575775,0.0
2018-04-23,-0.00022958684026610013,0.0
2018-04-24,0.00396829564003404,0.0
2018-04-25,0.002759019310990078,0.011599122663314691
2018-04-26,0.00237028920191846,0.008540902209271792
2018-04-27,-9.985013185280023e-05,0.007571490678389296
2018-04-30,0.0049070883475499615,-0.0041951701816729334
2018-05-01,-0.0014324851766703522,0.0002406062324636759
2018-05-02,0.009594841139098136,-0.013006218807124412
2018-05-03,0.015122313944011647,0.010164335163716686
2018-05-04,0.0,-0.005377525657509038
2018-05-07,0.0,-0.011276565966296809
2018-05-08,0.0,-0.009715346966653193
2018-05-09,0.0,-0.002971738623143273
2018-05-10,0.0,-0.0023833929705694397
2018-05-11,0.0,0.006088178754026018
2018-05-14,0.0,-0.005125940703594351
2018-05-15,0.0,-0.010082321739988907
2018-05-16,-0.0,0.0006997213230927352
2018-05-17,-0.0,0.0009697205281086235
2018-05-18,-0.0,-0.002354182062349745
2018-05-21,0.0,0.004425997460217572
2018-05-22,0.0,0.0
2018-05-23,-0.0,0.002330665780820345
2018-05-24,-0.0,0.00030630714346275255
2018-05-25,-0.0,0.0001626196124920932
2018-05-29,-0.0,0.009437675385282021
2018-05-30,0.0,0.008249879570224997
2018-05-31,-0.0,0.014123763603521454
2018-06-01,0.0,-0.0
2018-06-04,-0.0,0.0
2018-06-05,-0.0,-0.0
2018-06-06,0.0,0.0
2018-06-07,0.0,-0.0
2018-06-08,-0.0,-0.0
2018-06-11,0.0,0.0
2018-06-12,-0.0,0.0
2018-06-13,0.0,-0.0
2018-06-14,-0.0,-0.0
2018-06-15,-0.0,-0.0
2018-06-18,0.0,0.0
2018-06-19,-0.0,-0.0
2018-06-20,0.0,0.0
2018-06-21,0.0,0.0
2018-06-22,-0.0,-0.0
2018-06-25,-0.0,0.0
2018-06-26,0.0,0.0
2018-06-27,-0.0,-0.0
2018-06-28,0.0,-0.0
2018-06-29,0.015938361686033502,-0.0
2018-07-02,-0.0017856378203021375,0.0
2018-07-03,0.015071132083491659,-0.0
2018-07-05,-0.0029870364755268997,0.0
2018-07-06,-0.0032219185255496657,0.0
2018-07-09,-0.031633967941778654,0.0
2018-07-10,0.005835915367915948,-0.0
2018-07-11,0.005085183673892979,-0.0
2018-07-12,-0.0026160337789518646,-0.0
2018-07-13,0.00820110203261192,-0.0
2018-07-16,-0.037142792598411016,0.0
2018-07-17,-0.006752497649975376,0.0
2018-07-18,-0.0024750005672222603,0.0
2018-07-19,0.012500273012248759,-0.0
2018-07-20,-0.012555271362743994,-0.005636951920856916
2018-07-23,-0.017877265013721905,0.00034866854545735973
2018-07-24,-0.004225723943164746,0.006213559820324657
2018-07-25,-0.00849702672628333,-0.002761680119572763
2018-07-26,0.003989116057113186,-0.0068435081593297715
2018-07-27,0.0,0.0005062340088320813
2018-07-30,0.0,-0.004889206932594829
2018-07-31,-0.0,-0.012813788254228003
2018-08-01,0.0,0.0134535094113928
2018-08-02,0.0,0.0052496850133397655
2018-08-03,0.0,-0.0013977856329604032
2018-08-06,0.0002739102257011594,-0.0038666219044477387
2018-08-07,0.001146228823550466,-0.0013531599225560442
2018-08-08,-0.00853605706102911,0.0016723174762432527
2018-08-09,0.00451514774719804,-0.00710038295289538
2018-08-10,0.010309113186279726,-0.0016807380014589902
2018-08-13,0.020115412876897616,0.009024807172113243
2018-08-14,-0.008847527148528088,0.011247129768963613
2018-08-15,0.012812163604387913,0.0008838603218559397
2018-08-16,-0.007858491702095169,0.0
2018-08-17,-0.0005065986932132334,0.0
2018-08-20,-0.0036997723935805736,-0.0
2018-08-21,-0.00447518653106567,0.0
2018-08-22,0.0003790914496395305,0.0
2018-08-23,0.002354284002678751,-0.0
2018-08-24,-0.0020583247412674904,-0.0
2018-08-27,-0.009055817207607179,0.0
2018-08-28,0.0018342357950079608,0.0
2018-08-29,0.003935421625220624,-0.0
2018-08-30,-0.0,-0.0
2018-08-31,-0.0,0.0
2018-09-04,0.0,0.0
2018-09-05,0.0,0.0
2018-09-06,-0.0,-0.0
2018-09-07,0.0,-0.0
2018-09-10,-0.0,-0.0
2018-09-11,0.0,0.0
2018-09-12,-0.0,-0.0
2018-09-13,-0.0,-0.0
2018-09-14,0.0,0.0027814026819718714
2018-09-17,-0.0,0.0007820836761349761
2018-09-18,-0.0,-0.003952343485467096
2018-09-19,0.0,0.003952627145356557
2018-09-20,0.0,0.003938452692767337
2018-09-21,-0.0,0.0012747446511632609
2018-09-24,-0.0,-0.001711268654046194
2018-09-25,-0.0,-0.004359381867197023
2018-09-26,-0.0,0.0008532271654111655
2018-09-27,-0.0,-0.01125978979481496
2018-09-28,-0.0,-0.005093930756094357
2018-10-01,0.0,-0.004292836636670154
2018-10-02,-0.0,4.9191088383426524e-05
2018-10-03,0.0,0.0012059888155535534
2018-10-04,0.0,0.004101704168667681
2018-10-05,-0.0,-0.004370948520353525
2018-10-08,-0.0,0.006890923413291835
2018-10-09,-0.0,-0.006603571986998198
2018-10-10,-0.0,-0.002664377675502679
2018-10-11,-0.0,0.0
2018-10-12,0.0,0.0
2018-10-15,0.02147355870119696,0.0
2018-10-16,-0.021475940739407118,-0.0
2018-10-17,-0.008364508680029218,-0.0
2018-10-18,0.016829704390706024,0.0
2018-10-19,-0.0007237531047076756,0.0
2018-10-22,0.026339678464056267,-0.0
2018-10-23,0.010934340843901644,0.0
2018-10-24,0.02416699591276466,-0.0
2018-10-25,-0.009859886551251775,0.0
2018-10-26,0.007173107292842257,-0.0
2018-10-29,0.0,0.0
2018-10-30,0.0,-0.0
2018-10-31,0.0,0.0
2018-11-01,0.0,0.0
2018-11-02,0.0,0.0
2018-11-05,0.0,0.0
2018-11-06,0.0,-0.0
2018-11-07,0.0,0.0
2018-11-08,0.0,0.0
2018-11-09,-0.0,0.0
2018-11-12,-0.0,-0.0
2018-11-13,-0.00456276111838307,-0.0
2018-11-14,-0.017316729409544193,-0.0
2018-11-15,0.020934269300454385,0.0
2018-11-16,-0.004867755880048302,-0.0
2018-11-19,0.0018524422671741256,0.0
2018-11-20,-0.00952986386136982,0.0
2018-11-21,-0.0033729769409280735,-0.0
2018-11-23,-0.010844095567481445,0.0
2018-11-26,0.016755347499227725,0.0
2018-11-27,0.009352616726703424,0.0
2018-11-28,0.02433725877414913,-0.0
2018-11-29,-0.012750590075442865,-0.0
2018-11-30,0.009144358659869692,0.0
2018-12-03,0.004724957321930227,-0.0
2018-12-04,-0.04341087036900003,-0.0
2018-12-06,-0.020506385538518537,0.0
2018-12-07,-0.027414574767278453,0.0
2018-12-10,-0.022134308000032916,0.0
2018-12-11,-0.0039121691223273965,0.0
2018-12-12,-0.0,0.0
2018-12-13,0.0,0.0
2018-12-14,0.0,0.0
2018-12-17,-0.0,0.0
2018-12-18,0.0,-0.0
2018-12-19,-0.0,0.0
2018-12-20,-0.0,0.0
2018-12-21,-0.0,0.0
2018-12-24,-0.0,0.007129338054585342
2018-12-26,0.0,-0.0005351990135382054
2018-12-27,0.0,0.002228225731158457
2018-12-28,0.0,-0.0008485325773263178
2018-12-31,0.0,0.0022282200994574453
2019-01-02,0.0,-0.010470635319538511
2019-01-03,-0.0,-0.0072718738168879755
2019-01-04,0.0,-0.0015723955809400607
2019-01-07,-0.0,-0.012655344033923696
2019-01-08,-0.0,0.004027202024687898
2019-01-09,0.0,0.001257985627688512
2019-01-10,0.0,0.0041740454245955926
2019-01-11,0.0,0.008200509715094999
2019-01-14,0.0,-0.00445920327647094
2019-01-15,0.0,-0.0003487146593474026
2019-01-16,0.0,-0.0021206654024391383
2019-01-17,-0.01768037864850067,-0.0025282902861887765
2019-01-18,-0.004303522852658118,-0.011468054618876412
2019-01-22,0.005927440212053176,0.0014495252286274103
2019-01-23,0.00549012552680314,-0.0
2019-01-24,-0.0066130957285399136,-0.0
2019-01-25,-0.015116030215687791,-0.0
2019-01-28,-0.001783126654749799,-0.0
2019-01-29,0.0070975996533956635,0.0
2019-01-30,0.009638774746622612,-0.0
2019-01-31,0.018784459364367397,-0.0
2019-02-01,0.0032744670995433997,-0.0
2019-02-04,-0.0140295617931779,-0.0
2019-02-05,0.00046809386843197796,-0.0
2019-02-06,0.0009648172626557759,-0.0
2019-02-07,0.017490314133794843,0.0
2019-02-08,-0.004789891845387439,-0.0029048324773983955
2019-02-11,-0.003610763716405652,-0.007162284285537507
2019-02-12,-0.006843188637060402,4.545598152543018e-06
2019-02-13,-0.003492059782640753,0.0012237039930626708
2019-02-14,-0.0,0.00542551178684964
2019-02-15,0.0,-0.0024482311460937364
2019-02-19,-0.0,-0.008086569007327293
2019-02-20,0.0,-0.007454415708554654
2019-02-21,-0.0,-0.011629433868489771
2019-02-22,-0.0,0.011067512103401757
2019-02-25,0.0,0.010904964969438626
2019-02-26,0.0,0.0015991244593124149
2019-02-27,0.0,0.0009450588096005059
2019-02-28,-0.0,0.004674287229008898
2019-03-01,0.0,-0.015703347505172216
2019-03-04,-0.0,-0.0015466187923229798
2019-03-05,-0.0,-8.62234606820644e-06
2019-03-06,-0.0,0.012736072132030308
2019-03-07,-0.0,0.012923601755945877
2019-03-08,0.0,-0.0
2019-03-11,0.0,-0.0
2019-03-12,0.0,0.0
2019-03-13,0.0,-0.0
2019-03-14,0.0,0.0
2019-03-15,-0.0,-0.0
2019-03-18,0.0,0.0
2019-03-19,-0.0,-0.0
2019-03-20,-0.0,0.0
2019-03-21,-0.0,-0.0
2019-03-22,-0.0,-0.0
2019-03-25,-0.0,-0.0
2019-03-26,0.0,0.0
2019-03-27,-0.0,0.0
2019-03-28,0.0,0.0
2019-03-29,0.0,0.0
2019-04-01,0.0,0.0
2019-04-02,0.0,0.0
2019-04-03,-0.0,-0.0
2019-04-04,0.0,-0.0
2019-04-05,-0.0,0.0
2019-04-08,0.0,-0.0
2019-04-09,-0.0,0.0
2019-04-10,0.0,0.0
2019-04-11,-0.0,0.0
2019-04-12,0.0,0.0
2019-04-15,-0.0,-0.0
2019-04-16,-0.0,0.0
2019-04-17,0.0,-0.0
2019-04-18,0.0,-0.0
2019-04-22,-0.0,-0.0
2019-04-23,0.0,-0.0
2019-04-24,-0.0,0.0
2019-04-25,0.0,0.0
2019-04-26,0.0,0.0
2019-04-29,0.0,-0.0
2019-04-30,-0.0,-0.0
2019-05-01,-0.0,-0.0
2019-05-02,0.0,-0.0
2019-05-03,0.0,0.0
2019-05-06,-0.0,-0.0
2019-05-07,-0.0,-0.0
2019-05-08,-0.0,-0.0
2019-05-09,-0.0,0.0
2019-05-10,-0.0,0.0
2019-05-13,-0.0,-0.0
2019-05-14,0.010733326408671853,-0.0
2019-05-15,-0.009601193141936708,-0.0
2019-05-16,0.006245177918566136,-0.0
2019-05-17,-0.005089789972980335,-0.0
2019-05-20,-0.001993601014743341,0.0
2019-05-21,0.008905211871326682,0.0
2019-05-22,-0.006865603669118714,0.0
2019-05-23,-0.02202377085046965,-0.0
2019-05-24,0.011563019262989027,0.0
2019-05-28,-0.0058439710376247175,-0.0
2019-05-29,-0.006073552613388132,0.0
2019-05-30,-0.018730178699157975,-0.0
2019-05-31,-0.018185141271608998,-0.0
2019-06-03,-0.00010712130880435487,-0.0
2019-06-04,0.038514321743531074,0.0
2019-06-05,-0.0018349313581054706,0.0
2019-06-06,0.005186140043700158,-0.0
2019-06-07,-0.011045825406854448,-0.0
2019-06-10,0.016997968470412596,0.0
2019-06-11,0.0,0.0
2019-06-12,-0.0,-0.0
2019-06-13,0.0,0.0
2019-06-14,0.0,0.0
2019-06-17,0.0,-0.0
2019-06-18,0.0,-0.0
2019-06-19,-0.0,-0.0
2019-06-20,-0.0,-0.0
2019-06-21,-0.0,-0.0
2019-06-24,-0.0,-0.0
2019-06-25,-0.0,0.0
2019-06-26,0.0,-0.0
2019-06-27,0.0,-0.0
2019-06-28,0.0,0.0
2019-07-01,0.0,-0.0
2019-07-02,-0.0,-0.0
2019-07-03,-0.0,-0.0003096892625962912
2019-07-05,0.0,0.00965133509910912
2019-07-08,-0.0,-0.00020374955884602634
2019-07-09,0.0,0.00884106549071793
2019-07-10,-0.0,-0.0029930308171304035
2019-07-11,0.0,0.005800614610878933
2019-07-12,0.0,0.00035066185873500405
2019-07-15,-0.0,-0.0005552781148278167
2019-07-16,-0.0,-0.005097417113517015
2019-07-17,0.0,-0.022256991198720814
2019-07-18,0.0,0.01010430593164877
2019-07-19,-0.0,-0.004002713169882041
2019-07-22,0.0,-0.010148780373613837
2019-07-23,0.0,-0.0019511401898737839
2019-07-24,0.0,0.0009863569353176678
2019-07-25,-0.0,-0.005096805793281813
2019-07-26,0.0,-0.006699002834789997
2019-07-29,-0.0,-0.00313329093733577
2019-07-30,0.0,0.002308403460203107
2019-07-31,-0.0,0.0
2019-08-01,-0.0,-0.011313914446330741
2019-08-02,-0.0,-0.0009716076094108709
2019-08-05,-0.0,0.0028337850477657134
2019-08-06,0.0,-0.00117319297334062
2019-08-07,-0.0,0.004346914329186331
2019-08-08,0.0,0.0009830668766311482
2019-08-09,-0.0,0.0002632383133787247
2019-08-12,-0.0,-0.004149418003321428
2019-08-13,-0.0,-4.569511509153884e-05
2019-08-14,-0.0,0.004662798203515527
2019-08-15,-0.0,-0.0028268780564492954
2019-08-16,0.0,0.00469308282064582
2019-08-19,0.0,0.0013445928550248239
2019-08-20,-0.0,0.0003758366405705489
2019-08-21,0.0,-0.0007651215070828624
2019-08-22,0.0,0.0062873460918774675
2019-08-23,-0.0,-0.009491613277802142
2019-08-26,0.0,0.010340684380720569
2019-08-27,-0.0,-0.0
2019-08-28,0.0,0.0
2019-08-29,0.0,0.0
2019-08-30,0.0,-0.0
2019-09-03,-0.0,-0.0
2019-09-04,0.0,0.0
2019-09-05,0.0,0.0
2019-09-06,-0.0,-0.0
2019-09-09,0.0,0.0
2019-09-10,0.0,0.0
2019-09-11,0.0,0.0
2019-09-12,-0.005134264665553972,0.0
2019-09-13,-0.013286501448628044,0.0011683023832449136
2019-09-16,0.0033564037337298204,-0.0012863487629293478
2019-09-17,0.004227341714428032,0.003739914719326108
2019-09-18,0.0012585976576271218,-0.006454989860349745
2019-09-19,-0.0,0.004057154304300523
2019-09-20,-0.0,0.0005542842243660938
2019-09-23,-0.0,0.0014693137106360464
2019-09-24,-0.0,0.0037932524834841785
2019-09-25,0.010645864141037758,-0.008151399308251128
2019-09-26,-0.0037558493177345218,-0.0043758596838381885
2019-09-27,0.0070725628320240244,-0.0051247279515344
2019-09-30,-0.0057531548669964485,5.921656890279484e-05
2019-10-01,-0.020130362991979497,-0.008902503638684053
2019-10-02,-0.018562720383724928,0.0075224668091503945
2019-10-03,-0.0028368462833359615,0.008307304997458308
2019-10-04,0.013795981871477302,0.002883468247835086
2019-10-07,-0.0012568670827405207,-0.0017978019855291738
2019-10-08,-0.017775445191876092,-0.016737632926481453
2019-10-09,0.00876322283686457,0.0041967771425768735
2019-10-10,0.016921667183226297,-0.0
2019-10-11,0.01285299622101811,0.0
2019-10-14,0.007757505562998792,0.0
2019-10-15,0.018020260662049602,0.0
2019-10-16,0.0,-0.0
2019-10-17,0.0,-0.0
2019-10-18,0.0,-0.0
2019-10-21,0.0,-0.0
2019-10-22,0.0,-0.0
2019-10-23,0.0,0.0
2019-10-24,-0.0,-0.0
2019-10-25,0.0,0.0
2019-10-28,0.0,0.0
2019-10-29,0.0,-0.0
2019-10-30,-0.0,-0.0
2019-10-31,-0.0,-0.0
2019-11-01,0.0,0.0
2019-11-04,0.0,-0.0
2019-11-05,0.0,0.0
2019-11-06,-0.0,-0.0
2019-11-07,0.0,-0.0
2019-11-08,0.0,0.0
2019-11-11,-0.0,-0.0
2019-11-12,-0.0,0.0
2019-11-13,-0.0,-0.0
2019-11-14,0.0,0.0
2019-11-15,0.0,-0.0
2019-11-18,-0.0,-0.0
2019-11-19,-0.0,-0.0
2019-11-20,-0.0,0.0
2019-11-21,0.0,-0.0
2019-11-22,0.0,-0.0
2019-11-25,0.0,0.0
2019-11-26,-0.0,-0.0
2019-11-27,0.0,0.0
2019-11-29,-0.0,-0.0
2019-12-02,0.0,-0.0
2019-12-03,-0.0,-0.0
2019-12-04,0.0,-0.0
2019-12-05,0.0,-0.0015151296199104195
2019-12-06,0.0,0.004956994347302556
2019-12-09,-0.0,0.011178229945665122
2019-12-10,-0.0,0.008143952416330189
2019-12-11,0.0,-0.014443732963618842
2019-12-12,0.0,0.022759484307488174
2019-12-13,-0.0,0.0035565085268424177
2019-12-16,0.0,-0.0
2019-12-17,0.0,0.0
2019-12-18,0.0,0.0
2019-12-19,-0.0,-0.0
2019-12-20,-0.0,0.0
2019-12-23,0.0,0.0
2019-12-24,0.0,-0.0
2019-12-26,0.0,0.0
2019-12-27,-0.0,0.0
2019-12-30,-0.0,0.0
2019-12-31,0.0,-0.0
2020-01-02,0.0,0.0
2020-01-03,-0.0,0.0
2020-01-06,-0.0,0.0
2020-01-07,-0.0,0.0
2020-01-08,0.0,0.0
2020-01-09,-0.0,0.0
2020-01-10,-0.0,-0.002921984089904497
2020-01-13,0.0,-0.0039400864062186635
2020-01-14,0.0,-0.004606799464418308
2020-01-15,-0.0,-0.0068151861941404615
2020-01-16,-0.0019119083840519844,-0.009237597810105462
2020-01-17,0.0014117812484802038,-0.004797366478771166
2020-01-21,0.01037993324636099,-0.016632239242760062
2020-01-22,-0.001986566123945911,0.008493503928290088
2020-01-23,0.007670240199902936,-0.0014473161880596604
2020-01-24,0.01346201938137129,-0.0033446184668811593
2020-01-27,0.017720976403334383,0.0088449091972743
2020-01-28,0.0,0.000858797355707817
2020-01-29,-0.0,0.015185467988046687
2020-01-30,0.0,0.04425223157071592
2020-01-31,-0.0,0.0
2020-02-03,0.0,0.0
2020-02-04,0.0,0.0
2020-02-05,0.0,0.0
2020-02-06,0.0,0.0
2020-02-07,0.0024889588990011035,0.0
2020-02-10,-0.0015404558950642784,0.0
2020-02-11,-0.000905244689078141,0.0
2020-02-12,-0.0036850835520299357,-0.0
2020-02-13,0.00045068890371126644,0.0
2020-02-14,-5.724775500070894e-05,0.0
2020-02-18,0.01252208682715991,-0.0
2020-02-19,-0.01012998922797917,0.0
2020-02-20,-0.002036239800640576,0.0
2020-02-21,0.013039659714165267,-0.0
2020-02-24,-0.0,0.0
2020-02-25,-0.0,-0.0
2020-02-26,-0.0,0.0
2020-02-27,-0.0,-0.0
2020-02-28,-0.0,-0.0
2020-03-02,0.0,0.0
2020-03-03,-0.0,0.0
2020-03-04,0.0,-0.0
2020-03-05,-0.0,-0.0
2020-03-06,-0.0,-0.0
2020-03-09,-0.0,-0.0
2020-03-10,0.0,-0.0
2020-03-11,-0.0,-0.0
2020-03-12,-0.0,0.0
2020-03-13,0.1479597634190287,-0.0
2020-03-16,-0.1171175380457293,-0.0
2020-03-17,0.0,0.03409574779660644
2020-03-18,-0.0,-0.011095105242641165
2020-03-19,-0.006771262808544664,0.05189646173437652
2020-03-20,0.0648214559943438,0.02161497903734301
2020-03-23,0.05791026764037589,-0.032999622263501144
2020-03-24,-0.13574106174700654,0.09394159416317154
2020-03-25,0.0014778489160071637,-0.0
2020-03-26,-0.049404676575597675,-0.0
2020-03-27,0.0430120478843851,-0.0
2020-03-30,-0.018425725968125722,-0.0
2020-03-31,0.024698989751924645,-0.0
2020-04-01,0.04850160497248182,-0.0
2020-04-02,0.0,-0.0
2020-04-03,-0.0,0.0007283319255138934
2020-04-06,0.0,-0.007916535917865425
2020-04-07,0.0,0.025216133903103323
2020-04-08,0.0,0.034128661423544364
2020-04-09,-0.046336370470039176,0.036931489957991226
2020-04-13,0.028004842251791666,-0.02696592372535423
2020-04-14,0.0045225874080978955,0.009832549421857014
2020-04-15,0.051010572758746306,0.007572347992702108
2020-04-16,0.02996041567325586,-0.0
2020-04-17,-0.058775409382329086,0.0
2020-04-20,-0.0,0.0
2020-04-21,-0.0,0.0
2020-04-22,0.0,-0.0
2020-04-23,0.0,0.0
2020-04-24,0.0,0.0
2020-04-27,0.0,0.0
2020-04-28,0.0,-0.0
2020-04-29,0.0,-0.0
2020-04-30,-0.0,0.0
2020-05-01,-0.0,-0.0
2020-05-04,-0.0,0.0
2020-05-05,-0.0,0.0
2020-05-06,-0.0,-0.0
2020-05-07,0.0,-0.0
2020-05-08,0.0,0.0
2020-05-11,-0.0,-0.0
2020-05-12,-0.0,0.0
2020-05-13,-0.0,0.0
2020-05-14,0.0,-0.0
2020-05-15,-0.0,-0.0
2020-05-18,0.0,0.0
2020-05-19,-0.0,-0.0
2020-05-20,0.0,0.0
2020-05-21,0.0,-0.0
2020-05-22,-0.0,-0.0
2020-05-26,0.0,-0.0
2020-05-27,0.0,0.0
2020-05-28,-0.0,-0.0
2020-05-29,-0.0,-0.0
2020-06-01,0.01903469668986544,0.0
2020-06-02,0.00896142265590872,-0.0
2020-06-03,0.03650879031659614,0.0
2020-06-04,0.031753911871546144,0.0
2020-06-05,0.03963417303765453,0.0
2020-06-08,0.0,0.0
2020-06-09,-0.0,-0.0
2020-06-10,-0.0,-0.0
2020-06-11,-0.0,-0.0
2020-06-12,0.0,0.0
2020-06-15,0.0,-0.0
2020-06-16,0.0,0.0
2020-06-17,-0.0,0.0
2020-06-18,0.0,0.0
2020-06-19,0.0,-0.0
2020-06-22,-0.0,0.0
2020-06-23,0.0,0.0
2020-06-24,-0.0,-0.0
2020-06-25,0.0,-0.0
2020-06-26,-0.0,-0.0
2020-06-29,0.0,0.0
2020-06-30,0.0,0.0
2020-07-01,-0.0,-0.0
2020-07-02,0.0,0.0
2020-07-06,0.0,-0.0
2020-07-07,-0.0,-0.0
2020-07-08,0.0,0.0
2020-07-09,-0.0,-0.0
2020-07-10,0.0,-0.0
2020-07-13,-0.004613579019042392,0.0009401356535420676
2020-07-14,-0.0011384260839861033,0.0025928877398890653
2020-07-15,-0.012623116880080713,0.012528049985051977
2020-07-16,0.03189777672100073,0.009979194713203162
2020-07-17,-0.0,0.016034200547825124
2020-07-20,0.0,-0.003205168772074914
2020-07-21,0.0,0.013863771633686565
2020-07-22,-0.0,0.0
2020-07-23,0.0,0.0
2020-07-24,-0.0,-0.0
2020-07-27,-0.0,-0.0
2020-07-28,0.0,0.0
2020-07-29,0.0,0.0
2020-07-30,-0.0,-0.0
2020-07-31,0.0,0.0
2020-08-03,0.0,0.0
2020-08-04,0.0,-0.0
2020-08-05,0.0,-0.0
2020-08-06,0.0,-0.0
2020-08-07,0.0,0.0
2020-08-10,0.0,0.0
2020-08-11,-0.007614831729107787,0.0
2020-08-12,0.006089240669555615,0.0
2020-08-13,0.012167330960493558,-0.0
2020-08-14,-0.003008681453235315,0.0
2020-08-17,0.018588148542235505,0.0
2020-08-18,0.007457687177299767,-0.0
2020-08-19,-0.0003185026790993963,0.0
2020-08-20,0.015010995950598521,-0.0
2020-08-21,0.005589253531638812,0.0
2020-08-24,-0.021128140259481447,0.0
2020-08-25,0.0,0.0
2020-08-26,-0.0,-0.0
2020-08-27,0.0,0.0
2020-08-28,0.0,0.0
2020-08-31,-0.0,0.0
2020-09-01,-0.0,0.0
2020-09-02,0.0,-0.0
2020-09-03,-0.0,-0.0
2020-09-04,0.0,-0.0
2020-09-08,-0.0,0.0
2020-09-09,0.0,0.0
2020-09-10,-0.0,0.0
2020-09-11,0.0,0.0
2020-09-14,0.0,0.0
2020-09-15,-0.0,0.0
2020-09-16,0.0,-0.0
2020-09-17,-0.0,-0.0
2020-09-18,-0.0,0.0
2020-09-21,-0.0,-0.0
2020-09-22,-0.0,-0.0
2020-09-23,-0.0,0.0
2020-09-24,0.0,-0.0
2020-09-25,0.0,0.0
2020-09-28,0.0,0.0
2020-09-29,-0.0,-0.0
2020-09-30,0.0,0.0
2020-10-01,0.001427355864302996,0.0
2020-10-02,-0.0012184859763984925,0.0
2020-10-05,0.011479317182413754,0.0
2020-10-06,-0.00686322096253172,-0.0
2020-10-07,0.016810432650749076,-0.0
2020-10-08,0.011732510905184634,0.0
2020-10-09,0.006862933346970001,0.0
2020-10-12,0.011012221697127343,0.009027850121479794
2020-10-13,-0.02091154583028895,-0.013685107387251129
2020-10-14,-0.04778507875151135,0.004258706646197427
2020-10-15,0.020561652618585738,0.026119614571653498
2020-10-16,-0.00033548322681072745,0.010923521977134865
2020-10-19,-0.01835391973047354,0.0
2020-10-20,0.0133440613792482,0.0
2020-10-21,-0.0007910555532316408,0.0
2020-10-22,0.02429099124092881,-0.0
2020-10-23,0.002231255479400845,0.0
2020-10-26,-0.00803755484576799,-0.0
2020-10-27,-0.0230505205400311,0.0
2020-10-28,-0.0,0.0
2020-10-29,0.0,-0.0
2020-10-30,0.0,-0.0
2020-11-02,0.0,0.0
2020-11-03,0.0,0.0
2020-11-04,-0.02822903231987385,-0.0
2020-11-05,0.03042137986053551,0.0
2020-11-06,-0.007264250784744475,0.011281446282405731
2020-11-09,0.11503447758555971,-0.001186759128224829
2020-11-10,-0.001356676208050934,-0.01117002787972269
2020-11-11,-0.009191330927503653,-0.004353451189729825
2020-11-12,-0.01557001034212008,0.020680127442349077
2020-11-13,0.0,-0.006877711339545267
2020-11-16,0.0,-0.00683762270277195
2020-11-17,-0.0,0.0025872424394622817
2020-11-18,-0.0,-0.002548492476441507
2020-11-19,-0.0,0.011128752389217273
2020-11-20,-0.003810242110359309,0.0012925925994830036
2020-11-23,0.01309184241794557,-0.006578925566040733
2020-11-24,0.04684653961773338,0.011273410091820105
2020-11-25,0.0008319415693113748,-0.006472232549062727
2020-11-27,3.935533757712492e-05,-0.010317526773033495
2020-11-30,-0.025778529371240855,0.020257536114910497
2020-12-01,0.014372178985755745,-0.0
2020-12-02,0.011809189503774497,-0.0
2020-12-03,0.0012521152611666847,-0.0
2020-12-04,0.011043485609182488,0.0
2020-12-07,-0.005657045523067431,0.0
2020-12-08,-0.004879203007631708,-0.0
2020-12-09,-0.0075256521885455376,-0.0
2020-12-10,0.009615343045434353,-0.0
2020-12-11,-0.01801910238373842,-0.0
2020-12-14,-0.009233453605975795,-0.0
2020-12-15,0.012659703259699721,0.0
2020-12-16,-0.000607106101506192,0.0
2020-12-17,0.0041970917731831,-0.0
2020-12-18,-0.0,-0.0
2020-12-21,0.0,-0.0013313864739797707
2020-12-22,-0.0,-0.011999174504133672
2020-12-23,0.0,0.002357518142458031
2020-12-24,-0.0,-0.0012057969458590416
2020-12-28,0.0,0.007833455370011552
2020-12-29,-0.0,-0.005678158580509438
2020-12-30,-0.0,0.004282418627737473
2020-12-31,0.0,0.0022836321349419316
2021-01-04,-0.0,-0.0055553411985654454
2021-01-05,0.0,0.003528568927591779
2021-01-06,0.0,-0.006611044510384426
2021-01-07,0.0,0.009795257693028508
2021-01-08,-0.0,-0.00290519072360128
2021-01-11,0.0,0.005319695941653866
2021-01-12,0.0,0.01943102699693075
2021-01-13,-0.0,-0.0
2021-01-14,0.0,0.0
2021-01-15,-0.0,-0.0
2021-01-19,-0.0,0.0
2021-01-20,-0.0,0.0
2021-01-21,-0.0,0.01282196548077843
2021-01-22,-0.0,0.0020078941390461
2021-01-25,-0.0,0.00035879773919542113
2021-01-26,-0.0,0.0034049759694980194
2021-01-27,-0.0,-0.015865551565382663
2021-01-28,0.0,0.006728368928152002
2021-01-29,-0.0,0.0027767267847479127
2021-02-01,0.0,-0.010671607892695811
2021-02-02,0.0,-0.002722832518836614
2021-02-03,0.0,-0.015237926491881588
2021-02-04,0.0,-0.0005703099809096362
2021-02-05,-0.0,0.013605275648076832
2021-02-08,0.0,0.017349090608702104
2021-02-09,-0.0,-0.003119133191932237
2021-02-10,-0.0,-0.011834076299315975
2021-02-11,-0.0,0.006899710204191242
2021-02-12,0.0,-0.015046675234150703
2021-02-16,0.0,-0.00915503148559008
2021-02-17,0.0073045439496978865,0.013366234349807037
2021-02-18,-0.00550805301968488,0.0
2021-02-19,0.005376175634176679,0.0
2021-02-22,0.017511516875226053,0.0
2021-02-23,0.006855809946080423,0.01891409529015961
2021-02-24,0.017172881173171686,-0.0012576405827837318
2021-02-25,-0.005590091423877518,0.0032402055154761716
2021-02-26,-0.0,-0.003100410680331789
2021-03-01,0.0,-0.009269095846608417
2021-03-02,-0.0,-0.0006207074493065727
2021-03-03,0.0,0.006125348036479367
2021-03-04,0.0,0.016240032448713276
2021-03-05,0.0,0.005079417515448079
2021-03-08,0.0,0.013265304061305706
2021-03-09,-0.0,0.00316600425219268
2021-03-10,0.0,-0.0
2021-03-11,-0.0,0.0
2021-03-12,0.0,-0.0
2021-03-15,-0.0,0.0
2021-03-16,-0.0,-0.0
2021-03-17,-0.0058074207012056706,-0.0
2021-03-18,-0.02422911093683645,-0.0
2021-03-19,0.005283536787852203,0.0
2021-03-22,-0.0,-0.0
2021-03-23,0.0177167318787241,-0.0
2021-03-24,0.0011630875659107366,-0.0
2021-03-25,-0.011406097168759639,0.0
2021-03-26,-0.023574578882064882,0.0
2021-03-29,0.002870017124147307,-0.0
2021-03-30,-0.013591860422277505,0.0
2021-03-31,0.00481015319387143,0.0
2021-04-01,-0.01803419908448772,0.0
2021-04-05,-0.00608639348094789,-0.0
2021-04-06,0.0010006212672667573,0.0
2021-04-07,-0.007959952571409377,-0.0
2021-04-08,0.008557145386927166,-0.0
2021-04-09,-0.004571919665342346,0.0
2021-04-12,-0.0009784248573194466,-0.0
2021-04-13,0.014382612266810615,-0.0
2021-04-14,-0.011997648289711038,-0.0
2021-04-15,0.02416298082601831,-0.0
2021-04-16,-0.005185785028495532,-0.016337688589865194
2021-04-19,-0.0019884436769880653,-0.005186759667590283
2021-04-20,-0.0,-0.0027470106980590978
2021-04-21,0.0,0.00459413021028602
2021-04-22,-0.0,-0.0014594049639369902
2021-04-23,0.0,0.01244633451804738
2021-04-26,0.0,-0.008053797529963816
2021-04-27,0.0,0.0008734493635556648
2021-04-28,0.0,-0.000172319485975507
2021-04-29,0.0,-0.0011859890199694308
2021-04-30,-0.0,0.000986997411568465
2021-05-03,-0.0,-0.0010119674727661827
2021-05-04,0.0,-0.008419365981290571
2021-05-05,0.0,0.013466665066269179
2021-05-06,0.0,-0.00996858259094387
2021-05-07,0.0,0.009657309569326105
2021-05-10,-0.0,-0.0077839593629966475
2021-05-11,-0.0,0.010112603841939852
2021-05-12,-0.0,-0.0047347159145713705
2021-05-13,0.0,-0.0
2021-05-14,0.0,0.0
2021-05-17,0.0,0.0
2021-05-18,-0.0,0.0
2021-05-19,-0.0,-0.0
2021-05-20,-0.0,0.0
2021-05-21,0.0,-0.0
2021-05-24,0.0,0.0
2021-05-25,-0.0,-0.0
2021-05-26,0.0,0.0
2021-05-27,0.0,0.0
2021-05-28,-0.0,-0.0
2021-06-01,0.0,-0.0
2021-06-02,0.0,-0.0
2021-06-03,0.0,0.0
2021-06-04,0.0,-0.0
2021-06-07,-0.0,0.0
2021-06-08,-0.0,0.0
2021-06-09,-0.0,-0.0
2021-06-10,-0.0,0.0
2021-06-11,0.0,-0.0
2021-06-14,-0.0,-0.0
2021-06-15,-0.0,0.0
2021-06-16,0.0,0.0
2021-06-17,-0.0,-0.0
2021-06-18,-0.0,-0.0
2021-06-21,0.0,0.0
2021-06-22,0.0,-0.0
2021-06-23,0.0,0.0
2021-06-24,0.0,-0.0
2021-06-25,0.0,-0.0
2021-06-28,0.0,-0.0
2021-06-29,-0.0,0.0
2021-06-30,0.0,-0.0
2021-07-01,0.0,0.0
2021-07-02,-0.0,-0.0
2021-07-06,-0.0,-0.0
2021-07-07,-0.0,-0.0
2021-07-08,-0.0,0.003934248196918566
2021-07-09,0.0,0.007010938314536148
2021-07-12,0.0,-0.003647972504519934
2021-07-13,-0.0,-0.004540004505950598
2021-07-14,-0.0,-0.006348204257630647
2021-07-15,-0.003758043225031246,-0.005852162359559432
2021-07-16,-0.016010702141209796,0.0017478155557462474
2021-07-19,-0.018993029462075893,0.005915229962761871
2021-07-20,0.015625159207700107,0.007222610046361138
2021-07-21,0.016256156143867075,0.002580694742448885
2021-07-22,-0.00905113084845717,0.007125663781168166
2021-07-23,-0.008507434300839434,0.004005904336938029
2021-07-26,0.009506264845653057,-0.0001793681477574912
2021-07-27,-0.0036199024750441545,0.0014448899797559582
2021-07-28,0.0045910060455695186,0.0
2021-07-29,0.012658119253260335,-0.0
2021-07-30,-0.004830286481415335,-0.0
2021-08-02,-0.009627023335979347,0.0
2021-08-03,0.009728044534008322,0.0
2021-08-04,-0.005620949688964115,0.0
2021-08-05,0.017517770811735306,0.0
2021-08-06,0.024501904780781947,-0.0
2021-08-09,0.013268237149923852,0.0
2021-08-10,0.0,0.0
2021-08-11,0.0,-0.0
2021-08-12,0.0,0.0
2021-08-13,-0.0,-0.0
2021-08-16,-0.0,0.0
2021-08-17,-0.0,-0.0
2021-08-18,-0.0,0.0
2021-08-19,-0.0,0.0
2021-08-20,0.0,0.0
2021-08-23,0.0,0.0
2021-08-24,0.0,-0.0
2021-08-25,0.0,0.0
2021-08-26,-0.0,-0.0
2021-08-27,0.0,-0.0
2021-08-30,-0.0,0.0
2021-08-31,0.0,-0.0
2021-09-01,-0.0,0.0
2021-09-02,-0.0,0.0
2021-09-03,0.0,0.0
2021-09-07,0.0,-0.0
2021-09-08,-0.0,0.0
2021-09-09,0.0,-0.0
2021-09-10,-0.0,-0.0
2021-09-13,0.0,-0.0
2021-09-14,-0.0,-0.0
2021-09-15,0.0,-0.0
2021-09-16,0.0,0.0
2021-09-17,0.0,0.0
2021-09-20,-0.0,-0.0
2021-09-21,0.0,-0.0
2021-09-22,0.0,0.005569920202049543
2021-09-23,0.0,0.01926679735097256
2021-09-24,0.0,0.007502958265779583
2021-09-27,0.0,0.015149726161482416
2021-09-28,0.0,-0.0
2021-09-29,-0.0,-0.0
2021-09-30,-0.0,0.0
2021-10-01,0.0,0.0
2021-10-04,0.0,0.0
2021-10-05,0.0,-0.0
2021-10-06,0.0,-0.0
2021-10-07,-0.0,-0.0
2021-10-08,0.0,-0.0
2021-10-11,-0.0,-0.0
2021-10-12,-0.0,0.0
2021-10-13,-0.0,-0.0
2021-10-14,0.0,0.0
2021-10-15,0.0,0.0
2021-10-18,0.003931466732065049,0.0
2021-10-19,0.0025916916391861234,0.0
2021-10-20,-0.006433146565468786,0.0
2021-10-21,0.0054448722470523455,0.0
2021-10-22,-0.012151254750209041,0.0
2021-10-25,0.0017761167101122714,0.0
2021-10-26,0.0,0.0007330038804055355
2021-10-27,-0.0,-0.012416847822060588
2021-10-28,0.0,-0.003178395750121894
2021-10-29,0.0,-0.0026211754360139904
2021-11-01,-0.0018934064959439205,-0.00833083420428998
2021-11-02,-0.0012212507558801472,0.0033345633801009546
2021-11-03,-0.007365366120232714,0.0028814551856527343
2021-11-04,0.016062875560209088,-0.0038946150446394316
2021-11-05,0.006925425062926275,-0.0015077275596081102
2021-11-08,-0.006679911738625545,-0.0074660988026866715
2021-11-09,0.00845882576198178,-0.009757108016838373
2021-11-10,-0.009290711556669409,0.012752679245947382
2021-11-11,-0.005290700619398159,0.011839366415502782
2021-11-12,0.009969586780571648,0.007055954237002433
2021-11-15,-0.0016068529009835013,-0.009911971872819557
2021-11-16,0.00016593989063767725,-0.0032737182625897344
2021-11-17,0.008644550028347188,-0.0022125580372604967
2021-11-18,0.0023104042156216345,-0.0023294695326008044
2021-11-19,0.018073751947795,0.0017990269200595585
2021-11-22,-0.013813895472471931,0.0
2021-11-23,-0.0207524135933701,-0.0
2021-11-24,-0.003246667888714416,0.0
2021-11-26,0.029783748274980613,-0.0
2021-11-29,-0.0,0.0
2021-11-30,-0.0,0.0
2021-12-01,-0.0,-0.0
2021-12-02,0.0,0.0
2021-12-03,-0.0,-0.0
2021-12-06,0.0,-0.0
2021-12-07,0.0,0.0
2021-12-08,-0.0,-0.0
2021-12-09,0.0,-0.0
2021-12-10,-0.0,-0.0
2021-12-13,-0.0,-0.0
2021-12-14,0.0,0.0
2021-12-15,-0.0,0.0
2021-12-16,0.0,-0.0
2021-12-17,-0.0,-0.0
2021-12-20,-0.0,-0.0
2021-12-21,0.0,0.0
2021-12-22,0.0,-0.0
2021-12-23,0.0,0.0
2021-12-27,0.0,0.0
2021-12-28,0.0,0.0
2021-12-29,-0.0,0.0
2021-12-30,-0.0,-0.0
2021-12-31,-0.0,0.0
2022-01-03,0.0,0.0
2022-01-04,0.0,0.0
2022-01-05,-0.0,-0.0
2022-01-06,0.0,0.0
2022-01-07,0.0,0.0
2022-01-10,-0.0,-0.0
2022-01-11,0.0,-0.0
2022-01-12,-0.0,0.0
2022-01-13,-0.0,-0.0
2022-01-14,-0.014344348643149839,0.0
2022-01-18,-0.028889845980661386,0.0
2022-01-19,0.012826072448753735,-0.03897865392820307
2022-01-20,-0.0,-0.0
2022-01-21,-0.0,-0.0061876895307812554
2022-01-24,-0.0,0.017545316922372482
2022-01-25,0.0,-0.0011515801351436733
2022-01-26,0.0,0.005152356497339782
2022-01-27,-0.0,0.013183769992656648
2022-01-28,0.0,0.00032469040343449836
2022-01-31,0.0,-0.001940220097981605
2022-02-01,0.0,-0.0005344514584812131
2022-02-02,-0.0,-0.0001514601582274181
2022-02-03,-0.0,0.009136044452236312
2022-02-04,0.0,0.0
2022-02-07,0.0,0.0
2022-02-08,-0.0160995575592689,0.0
2022-02-09,0.0013672133426316608,0.00816948332960201
2022-02-10,0.004524224586393407,-0.002889605623530425
2022-02-11,0.019438952435322045,0.0049426272137495664
2022-02-14,0.007315462631720792,-0.0024966269069561196
2022-02-15,-0.004834072475673407,-0.01577864905318773
2022-02-16,0.0038679097282395374,0.0012179629554016508
2022-02-17,0.025665831209881692,0.008283610729652134
2022-02-18,0.002237969311880084,0.0031519010711198153
2022-02-22,0.010903869975084851,0.014511069073019276
2022-02-23,-0.0,0.005505168749635716
2022-02-24,-0.0,0.0
2022-02-25,0.0,0.0
2022-02-28,-0.0,0.0
2022-03-01,-0.0,-0.0
2022-03-02,0.0,-0.0
2022-03-03,-0.0,-0.0
2022-03-04,-0.0,-0.0
2022-03-07,-0.0,-0.0
2022-03-08,0.0,0.0
2022-03-09,0.05691470829701527,0.0
2022-03-10,-0.006794153081231513,0.0
2022-03-11,-0.004838150533697036,-0.0
2022-03-14,0.0,-0.0
2022-03-15,0.0,-0.0
2022-03-16,0.0,-0.0
2022-03-17,0.0,-0.0
2022-03-18,-0.0,-0.0
2022-03-21,-0.0,0.0
2022-03-22,0.0,0.0
2022-03-23,-0.0,-0.0
2022-03-24,-0.0,0.0
2022-03-25,0.0,0.0
2022-03-28,-0.0,-0.0
2022-03-29,-0.0,0.0
2022-03-30,-0.0,-0.0
2022-03-31,-0.0,0.0
2022-04-01,-0.0,-0.0
2022-04-04,-0.0,0.0
2022-04-05,-0.0,-0.0
2022-04-06,-0.0,-0.0
2022-04-07,-0.0,-0.008344862467750878
2022-04-08,0.0,0.006093259876706392
2022-04-11,-0.0,0.0058781948286035345
2022-04-12,-0.0,-0.00030168761590342735
2022-04-13,-0.0,-0.008961642344351158
2022-04-14,-0.0,-0.03881919437014318
2022-04-18,0.0,0.009403720887589178
2022-04-19,0.0,-0.01499898375801567
2022-04-20,0.0,0.007550941308594545
2022-04-21,-0.0,-0.001018271695623317
2022-04-22,-0.0,0.010987154071433684
2022-04-25,-0.0,-0.001179277091967031
2022-04-26,-0.0,0.00984157967211554
2022-04-27,-0.0,0.007798478581275239
2022-04-28,0.0,-0.013602552155643247
2022-04-29,-0.0,-0.008221659723230731
2022-05-02,0.0,0.0062275292934773135
2022-05-03,0.0,0.0009930304542968213
2022-05-04,0.0,0.0017446492613349858
2022-05-05,-0.0,-0.0
2022-05-06,0.0,-0.0
2022-05-09,-0.0,-0.0
2022-05-10,-0.0,-0.0
2022-05-11,-0.0,0.005388308492106853
2022-05-12,-0.0,-0.000527313512291426
2022-05-13,0.0,-0.0036491136508795805
2022-05-16,-0.0,0.0026903085245808984
2022-05-17,0.0,0.009776838467943319
2022-05-18,-0.0,-0.020865900317715933
2022-05-19,-0.0,-0.008029588341747336
2022-05-20,-0.0,-0.008930630623292819
2022-05-23,0.0,0.003499469807636567
2022-05-24,-0.0,-0.015448143607361502
2022-05-25,-0.0,0.014363887367466986
2022-05-26,0.0,-0.0019765873902752966
2022-05-27,0.006730302086812209,0.007965576554048464
2022-05-31,0.004385443593590225,0.0015543781853757065
2022-06-01,-0.010322695591441302,0.008397558599849107
2022-06-02,0.002455905668175165,0.00865360372856709
2022-06-03,-0.01097792435448323,-0.008664737312560736
2022-06-06,-0.0008107693053134718,0.0023811079480707802
2022-06-07,0.00537168652749575,-0.0006832037810454048
2022-06-08,-0.008238286011219925,-0.0
2022-06-09,-0.02903699326104954,0.0
2022-06-10,-0.03218854592165144,-0.0
2022-06-13,-0.03057050821060547,0.0
2022-06-14,-0.017682808182074038,0.0
2022-06-15,0.01748823075193983,-0.0
2022-06-16,0.0012093386089842414,0.0
2022-06-17,-0.0017959191694294106,0.0
2022-06-21,0.025524754191719862,-0.0
2022-06-22,-0.007787756054054754,0.0
2022-06-23,-0.01475221440288401,0.0
2022-06-24,-0.0033042701891282406,0.0
2022-06-27,0.0,-0.0
2022-06-28,-0.0003413213751130681,0.0
2022-06-29,-0.0089456585962947,-0.0
2022-06-30,-0.023502051205179654,0.0
2022-07-01,0.00862672720125502,0.0
2022-07-05,-0.009837568226999105,0.0
2022-07-06,-0.006797385956921154,-0.0
2022-07-07,0.025102971656449938,0.0
2022-07-08,-0.0008690251784171973,-0.0
2022-07-11,-0.008714474345450751,-0.0
2022-07-12,-0.0007980408516758131,-0.0
2022-07-13,-0.012479596897219735,-0.0
2022-07-14,-0.017989856043816234,0.0
2022-07-15,0.06658435392378304,-0.0
2022-07-18,-0.0,-0.0
2022-07-19,0.0,0.0
2022-07-20,0.0,0.0
2022-07-21,0.0,-0.0
2022-07-22,-0.0,-0.0
2022-07-25,0.0,0.0
2022-07-26,-0.0,0.0
2022-07-27,0.0,0.0
2022-07-28,-0.0,0.0
2022-07-29,0.0,0.0050657404743528305
2022-08-01,-0.0,0.009938851180062873
2022-08-02,-0.0,0.0013054660673890786
2022-08-03,0.0,-0.00015774749834734925
2022-08-04,-0.0,0.010036218984899285
2022-08-05,0.0,-0.01004439433789805
2022-08-08,-0.0,-0.002302789684320109
2022-08-09,0.0,0.004096736257955096
2022-08-10,0.0,-0.007662561325559933
2022-08-11,0.0,-0.0007909193184348698
2022-08-12,0.0,-0.007492856453703995
2022-08-15,-0.0,0.012736138565289296
2022-08-16,0.0,-0.006989991521276022
2022-08-17,-0.0,0.0100950171873325
2022-08-18,-0.0,-0.005290881354309692
2022-08-19,-0.0,0.007772475153571233
2022-08-22,-0.0,0.004494974245511159
2022-08-23,-0.0,-0.002371874065500967
2022-08-24,0.0,-0.0013951842026649931
2022-08-25,0.0,-0.0
2022-08-26,-0.0,-0.0
2022-08-29,-0.0,0.0
2022-08-30,0.0,-0.0
2022-08-31,-0.0,-0.0
2022-09-01,0.0,-0.0
2022-09-02,0.0,-0.0
2022-09-06,-0.0,-0.0
2022-09-07,0.0,0.0
2022-09-08,0.0,-0.0
2022-09-09,0.0,-0.0
2022-09-12,0.0,0.0
2022-09-13,-0.0,0.0
2022-09-14,-0.0,0.0
2022-09-15,0.0,-0.0
2022-09-16,-0.0,-0.0
2022-09-19,0.0,0.0
2022-09-20,-0.0,0.0
2022-09-21,-0.0,-0.0
2022-09-22,-0.0,-0.0
2022-09-23,-0.0,0.0
2022-09-26,-0.0,0.0
2022-09-27,-0.0,-0.0
2022-09-28,0.0,0.0
2022-09-29,-0.0,-0.0
2022-09-30,-0.0,0.0
2022-10-03,0.0,-0.0
2022-10-04,0.0,0.0
2022-10-05,-0.0,0.004943323513805954
2022-10-06,-0.0,-0.005182301477694891
2022-10-07,-0.0,0.008649508728190286
2022-10-10,-0.0,-0.004154088839443806
2022-10-11,-0.0,-0.005803499329623801
2022-10-12,0.0,0.016737559402522993
2022-10-13,0.0,0.010032888491013914
2022-10-14,0.0,-0.0
2022-10-17,0.0,0.03606314234789441
2022-10-18,0.0,-0.027611547373901042
2022-10-19,0.02090282409138168,0.014553363357234166
2022-10-20,0.0008017939721125132,-0.017288178072276415
2022-10-21,-0.023950088334687467,0.014464850718088805
2022-10-24,0.00259993501924589,0.012392614791518052
2022-10-25,-0.005108127768211012,0.006489990005253032
2022-10-26,-0.010889801714351055,-0.0008392291740202135
2022-10-27,-0.005793955887914416,0.00663741345981452
2022-10-28,-0.0059498955834153605,0.0
2022-10-31,0.0023892066726836914,0.0
2022-11-01,-0.004468112708834462,-0.0
2022-11-02,-0.0013735774094030513,0.0
2022-11-03,-0.002372991933865509,-0.0
2022-11-04,-0.020253548454434864,-0.0
2022-11-07,-0.005683850961560676,-0.0
2022-11-08,0.00019738616490878142,-0.0031121615716517698
2022-11-09,0.011355119364691411,-0.008047274245335918
2022-11-10,-0.03171711797485642,0.04076018163495104
2022-11-11,-0.004641028771319272,0.025383984496881708
2022-11-14,0.013468833348763826,-0.001772669009430742
2022-11-15,-0.0,0.007905559566515733
2022-11-16,-0.0,0.0019317769939264824
2022-11-17,-0.0,-0.005276777311213936
2022-11-18,-0.0,-0.0022999189634528797
2022-11-21,0.0,0.010062690070533797
2022-11-22,0.0,-0.005702780631222034
2022-11-23,0.0,-0.00434138456103613
2022-11-25,0.0,0.007151640857367986
2022-11-28,-0.0,-0.022346972490822473
2022-11-29,0.0,-0.0
2022-11-30,0.0,0.0
2022-12-01,-0.0,-0.0
2022-12-02,-0.0,-0.0
2022-12-05,-0.0,-0.016894379248375266
2022-12-06,-0.0,0.005664134595875538
2022-12-07,-0.0,-0.015638281109331575
2022-12-08,-0.0,0.005258268863597815
2022-12-09,-0.0,0.010810363678500107
2022-12-12,0.0,0.024672345704546492
2022-12-13,0.0,-0.024398208519081515
2022-12-14,-0.0,-0.000754638151852817
2022-12-15,-0.0,-0.0068907047648761495
2022-12-16,-0.0,0.011533682611978763
2022-12-19,0.0,0.00038878378982858466
2022-12-20,0.0,0.00047695439187574396
2022-12-21,0.0,-0.003289404780697114
2022-12-22,-0.0,0.014205518435955371
2022-12-23,0.0,-0.005581862647482977
2022-12-27,0.0,-0.0045511345450649585
2022-12-28,0.0,0.00010610487143471875
2022-12-29,0.0,-0.0010587831077231574
2022-12-30,-0.0,-0.004854000782337878
2023-01-03,0.0,-0.0
2023-01-04,0.0,-0.0
2023-01-05,0.0,-0.0
2023-01-06,0.0,0.0
2023-01-09,-0.0,-0.0
2023-01-10,0.0,0.0
2023-01-11,0.0,-0.0
2023-01-12,-0.0,0.0
2023-01-13,0.0,0.0
2023-01-17,-0.0,-0.0
2023-01-18,-0.0,0.0
2023-01-19,-0.0,0.0
2023-01-20,0.0,-0.0
2023-01-23,0.0,-0.0
2023-01-24,0.0,0.0
2023-01-25,0.0,-0.0
2023-01-26,0.0,0.0
2023-01-27,0.0,-0.0
2023-01-30,-0.0,-0.0
2023-01-31,0.0,-0.0
2023-02-01,0.0,0.0
2023-02-02,0.0,0.0
2023-02-03,0.0,-0.0
2023-02-06,0.0,-0.0
2023-02-07,0.0,-0.0
2023-02-08,-0.0,-0.0
2023-02-09,-0.0,-0.0
2023-02-10,-0.0,0.0
2023-02-13,-0.0,0.0
2023-02-14,-0.0,-0.0
2023-02-15,-0.0,0.0
2023-02-16,-0.0,-0.0
2023-02-17,0.0,0.0
2023-02-21,-0.0,-0.0
2023-02-22,-0.0,0.0
2023-02-23,-0.0,-0.0
2023-02-24,-0.0,0.0
2023-02-27,0.0,0.0
2023-02-28,0.0,-0.0
2023-03-01,-0.0,0.0
2023-03-02,-0.0,-0.0
2023-03-03,0.0,-0.0
2023-03-06,-0.0,-0.0
2023-03-07,-0.0,-0.0
2023-03-08,0.012394772492329167,-0.0
2023-03-09,0.05044392793655428,0.0
2023-03-10,0.00764723988095075,-0.0
2023-03-13,0.046144556586723055,-0.0
2023-03-14,-0.007931278133696089,-0.0377239775211992
2023-03-15,-0.0003433631694911513,0.0
2023-03-16,-0.007450190709286753,0.0001976897668114659
2023-03-17,0.02829538709805382,0.02157206341832721
2023-03-20,0.009317177174426575,-0.03409017710979099
2023-03-21,0.0,0.0011091075200599099
2023-03-22,-0.0,0.03688751242331366
2023-03-23,-0.0,-0.005302250897069133
2023-03-24,0.0,0.014390755942565477
2023-03-27,0.0,0.006637104859493713
2023-03-28,-0.0,-0.0
2023-03-29,0.0,0.0
2023-03-30,-0.0,-0.0
2023-03-31,0.0,-0.0
2023-04-03,0.0,-0.0
2023-04-04,-0.0,-0.0
2023-04-05,-0.0,0.0
2023-04-06,0.0,0.0
2023-04-10,0.0,0.0
2023-04-11,0.0,0.0
2023-04-12,0.0030647442503729883,-0.0
2023-04-13,0.0005025378658121762,0.0
2023-04-14,-0.032773500128571026,-0.0
2023-04-17,-0.019664726948228878,0.0
2023-04-18,-0.006867538316665678,-0.0
2023-04-19,0.02306837515299195,0.0
2023-04-20,0.0003209000802548599,-0.0
2023-04-21,-0.0030937410714377295,-0.0
2023-04-24,0.005354660570185537,0.0
2023-04-25,0.029850794521837077,-0.0
2023-04-26,0.021646146770851936,0.0
2023-04-27,-0.015514537467805338,-0.0
2023-04-28,0.0,-0.0
2023-05-01,0.0,0.0
2023-05-02,-0.0,-0.0
2023-05-03,-0.0,-0.0
2023-05-04,-0.0,-0.0
2023-05-05,0.0,0.0
2023-05-08,-0.0,0.0
2023-05-09,0.0,-0.0
2023-05-10,-0.0,-0.0
2023-05-11,0.0,-0.0
2023-05-12,-0.0,0.0
2023-05-15,0.0,0.0
2023-05-16,-0.0,0.0
2023-05-17,0.0,0.0
2023-05-18,-0.0,0.0
2023-05-19,-0.0,0.0
2023-05-22,0.0,0.0
2023-05-23,0.0,-0.0
2023-05-24,-0.0,-0.0
2023-05-25,0.0,0.0
2023-05-26,0.0,-0.0003218207221435945
2023-05-30,-0.0,-0.013029755841272474
2023-05-31,-0.0,-0.004856509841992221
2023-06-01,-0.0,0.004663349476705537
2023-06-02,0.0,0.003815022337499162
2023-06-05,-0.0,-0.005791466479138304
2023-06-06,0.0,0.003909753845481666
2023-06-07,0.0,0.006304974619944809
2023-06-08,-0.0,0.0038408115427765958
2023-06-09,0.0,0.009634134218321195
2023-06-12,-0.0,-0.00047204081136630743
2023-06-13,0.0,0.0027138515952134894
2023-06-14,-0.0,0.0026312099177977985
2023-06-15,0.0,0.021324682011035913
2023-06-16,-0.0,-0.0
2023-06-20,-0.0,-0.0
2023-06-21,-0.0,0.0
2023-06-22,-0.0,0.0
2023-06-23,-0.0,-0.0
2023-06-26,0.0,-0.0
2023-06-27,0.0,0.0
2023-06-28,-0.0,0.0
2023-06-29,0.0,-0.0
2023-06-30,0.0,-0.0
2023-07-03,0.0,0.0
2023-07-05,-0.0,-0.0
2023-07-06,-0.0,0.0
2023-07-07,0.0,0.0
2023-07-10,0.0,0.0
2023-07-11,0.0,-0.0
2023-07-12,0.0,0.0
2023-07-13,0.0,-0.0
2023-07-14,-0.0,-0.0
2023-07-17,0.0,0.0
2023-07-18,0.0,-0.0
2023-07-19,0.0,-0.0
2023-07-20,0.0,-0.07700083474555797
2023-07-21,0.0,0.0
2023-07-24,0.0,-0.008257254512966238
2023-07-25,-0.0,0.008212151005190321
2023-07-26,0.0,-0.0032759252269746256
2023-07-27,-0.0,-0.039266424411131005
2023-07-28,-0.0,0.013329653548950535
2023-07-31,0.0,0.0028197413124965488
2023-08-01,-0.0,0.011812827556123132
2023-08-02,-0.0,-0.007702428168008123
2023-08-03,0.0,-0.027481919774271
2023-08-04,-0.0,-0.01690278140377196
2023-08-07,0.0,0.010000905275093286
2023-08-08,-0.0,-0.008571371191364027
2023-08-09,-0.0,-0.014580108696196076
2023-08-10,0.0,0.0208382232791018
2023-08-11,0.0,0.009022180084136813
2023-08-14,-0.0,-0.017797401495297842
2023-08-15,0.025305971106441737,-0.003825821907947582
2023-08-16,0.020078451166604616,-0.0012104206092049645
2023-08-17,0.0017956988655577625,0.0020129200344055735
2023-08-18,-0.0,-0.0
2023-08-21,0.0,-0.0
2023-08-22,-0.0,0.0
2023-08-23,-0.0,0.0
2023-08-24,0.0,0.0
2023-08-25,-0.0,0.0
2023-08-28,0.0,0.0
2023-08-29,0.0,0.0
2023-08-30,-0.0,0.0
2023-08-31,-0.0,0.0
2023-09-01,0.0,-0.0
2023-09-05,-0.0,-0.0
2023-09-06,-0.0,-0.0
2023-09-07,-0.0,-0.0
2023-09-08,0.0,0.0
2023-09-11,0.0,0.0
2023-09-12,0.0,-0.0
2023-09-13,-0.0,0.0
2023-09-14,0.0,0.0
2023-09-15,-0.0,0.0
2023-09-18,0.0,0.0
2023-09-19,-0.0,0.0
2023-09-20,-0.0,-0.0
2023-09-21,-0.0,0.0
2023-09-22,-0.0,-0.0
2023-09-25,-0.0,0.0
2023-09-26,-0.013632572594210704,-0.0
2023-09-27,0.003261093524701119,0.0
2023-09-28,0.008693426462237494,-0.0
2023-09-29,-0.006418034580960014,-0.0
2023-10-02,-0.01964337250715137,-0.0
2023-10-03,-0.029124612882543036,0.0
2023-10-04,0.0005386719273631178,0.0
2023-10-05,0.004085695295165163,-0.0
2023-10-06,0.0004991636981781973,0.0
2023-10-09,0.0081656198944239,-0.0
2023-10-10,0.023978520774347152,0.0
2023-10-11,-0.00059697163818647,0.0
2023-10-12,-0.0017595141884763207,0.016960749530883716
2023-10-13,0.0008713986123748043,0.013483272371296724
2023-10-16,0.005533058742616136,-0.00677308381668632
2023-10-17,0.021379845761772997,0.04134308073171422
2023-10-18,-0.0,0.0
2023-10-19,-0.0,-0.0
2023-10-20,-0.0,0.0
2023-10-23,-0.0,-0.0
2023-10-24,-0.0,0.0
2023-10-25,0.0,0.0
2023-10-26,0.0,0.0
2023-10-27,-0.0,0.0
2023-10-30,0.0,-0.0
2023-10-31,0.0,-0.0
2023-11-01,0.0,0.0
2023-11-02,0.0,-0.0
2023-11-03,0.0,0.0
2023-11-06,-0.0,-0.0
2023-11-07,-0.0,0.0
2023-11-08,-0.0,0.0
2023-11-09,-0.0,-0.0
2023-11-10,0.0,-0.0
2023-11-13,0.0,0.0
2023-11-14,0.0,-0.0
2023-11-15,0.0,0.0
2023-11-16,-0.0,-0.0
2023-11-17,0.0,0.0
2023-11-20,0.0,0.0
2023-11-21,-0.0,0.0
2023-11-22,-0.0,0.0
2023-11-24,0.0,-0.0
2023-11-27,-0.0,0.0
2023-11-28,-0.0,-0.0
2023-11-29,0.0,-0.0
2023-11-30,0.0,-0.0
2023-12-01,0.0,0.0
2023-12-04,-0.0,-0.0
2023-12-05,-0.0042804744990685,-0.0
2023-12-06,-0.0028051030859009203,0.0
2023-12-07,0.0035760855155077347,0.0
2023-12-08,0.008292139929245048,-0.0
2023-12-11,-0.004096715268918371,0.0
2023-12-12,-0.00331899134170134,-0.0
2023-12-13,0.03328818545953335,-0.0
2023-12-14,0.04822729842728446,-0.006287395058392348
2023-12-15,-0.008535842935002966,-0.0179112408300847
2023-12-18,-0.003659808260143532,0.011528715275825552
2023-12-19,-0.0024903131610996675,0.006822974496948698
2023-12-20,-0.008424543688974174,0.014273841365526334
2023-12-21,0.0034186118497761724,-0.00046891462604137235
2023-12-22,0.005858227823768082,0.002779305057085419
2023-12-26,0.010384785539891292,-0.003354876458869933
2023-12-27,-0.0019443085486789658,0.006454198208317003
2023-12-28,0.00023995116394658837,-0.0028017356233952986
2023-12-29,-0.005036892567635058,-0.0018965554575527278
2024-01-02,0.004361266927500863,0.0014175956261248575
2024-01-03,-0.0,-0.0002305233725373411
2024-01-04,0.0,0.0018345092913106941
2024-01-05,0.0,0.0031490126568331587
2024-01-08,-0.0,0.007213158545803629
2024-01-09,-0.0,0.0029576926798891047
2024-01-10,-0.0,0.0027082811558014515
2024-01-11,-0.0,0.0
2024-01-12,-0.0,-0.0
2024-01-16,-0.0,0.0
2024-01-17,-0.009651558931999206,0.0
2024-01-18,0.0017394220110063374,0.0
2024-01-19,0.008312580828423372,-0.0
2024-01-22,0.01233251596966841,-0.0
2024-01-23,0.006014316614042117,-0.0
2024-01-24,0.005913513993729612,0.0
2024-01-25,0.010857893732954198,-0.0
2024-01-26,0.000661407366897288,0.0
2024-01-29,0.002510104106912881,-0.0
2024-01-30,0.03394564734445757,-0.0
2024-01-31,-0.0,0.0
2024-02-01,-0.0,0.0
2024-02-02,-0.0,0.0
2024-02-05,-0.0,0.0
2024-02-06,-0.0,0.0
2024-02-07,0.0,-0.0
2024-02-08,-0.0,-0.0
2024-02-09,-0.0,0.0
2024-02-12,0.0,-0.0
2024-02-13,-0.0,-0.0
2024-02-14,0.0,-0.0
2024-02-15,0.0,0.0
2024-02-16,0.0,-0.0
2024-02-20,-0.0,-0.0
2024-02-21,0.007450624084537439,0.0
2024-02-22,0.0008045856934420041,-0.0
2024-02-23,-0.008059653603907589,-0.0
2024-02-26,0.007124559350207216,-0.0
2024-02-27,-0.018174313523171105,-0.0
2024-02-28,-0.0012882306511822349,0.0
2024-02-29,-0.010805508820725212,-0.0
2024-03-01,0.005885348226058935,0.0
2024-03-04,-0.013990294480795057,-0.0
2024-03-05,-0.004747211671192183,0.0
2024-03-06,-0.007930627770757728,0.0
2024-03-07,-0.005836532967192981,-0.0
2024-03-08,0.0006725166272286487,0.0
2024-03-11,-0.0042757940526411565,-0.0
2024-03-12,-0.00477117611422254,-0.0
2024-03-13,-0.0006657549426770885,-0.0
2024-03-14,0.004389077357355518,-0.0
2024-03-15,0.008298063460536157,0.0
2024-03-18,-0.015666819303796646,-0.0
2024-03-19,-0.0,0.0
2024-03-20,0.0,0.0
2024-03-21,0.0,0.0
2024-03-22,-0.0,0.0
2024-03-25,-0.0,-0.0
2024-03-26,0.0,0.0
2024-03-27,0.0,0.0
2024-03-28,0.0,-0.0
2024-04-01,-0.0,0.0
2024-04-02,-0.0,0.0
2024-04-03,0.0,0.0
2024-04-04,-0.0,0.0
2024-04-05,0.0,0.0
2024-04-08,0.0,0.0
2024-04-09,0.0,-0.0
2024-04-10,-0.0,0.0
2024-04-11,-0.0,-0.0
2024-04-12,-0.0,-0.0
2024-04-15,0.0,0.0
2024-04-16,-0.0,-0.0
2024-04-17,0.0,0.0
2024-04-18,0.0,0.0
2024-04-19,0.0,0.0
2024-04-22,0.0,0.0
2024-04-23,0.0,-0.02244360295823674
2024-04-24,-0.0,0.016915208527921898
2024-04-25,-0.0,0.006232746799819548
2024-04-26,-0.0,-0.0020942091913522497
2024-04-29,-0.0,0.00046796576942798214
2024-04-30,-0.0,0.0038470952249188735
2024-05-01,-0.0,-0.002973993374864233
2024-05-02,-0.0,-0.009834120795237341
2024-05-03,0.0,-0.002293523284239639
2024-05-06,0.0,-0.004766597668827021
2024-05-07,0.0,0.002122571305746326
2024-05-08,-0.0,-0.004512817911731236
2024-05-09,0.0,-0.009516472964184095
2024-05-10,0.0,-0.0019970529986051023
2024-05-13,-0.0,-0.00125847454325273
2024-05-14,0.0,0.005731516955256918
2024-05-15,0.0,-0.013616516113156485
2024-05-16,0.0,-0.01275989549679774
2024-05-17,0.0,-0.0008012733517724939
2024-05-20,-0.0,-0.0
2024-05-21,-0.019300859445646537,0.0
2024-05-22,-0.005771360757424472,-0.0
2024-05-23,-0.0,0.0
2024-05-24,-0.011270343753912405,-0.0
2024-05-28,0.006686952879334793,0.0
2024-05-29,0.013463856323143942,0.0
2024-05-30,0.006556880496191014,-0.0
2024-05-31,-0.02998025053174388,-0.0
2024-06-03,-0.0007544473757509873,0.0
2024-06-04,0.0037439599767954143,0.0
2024-06-05,-0.006394832206431881,-0.0
2024-06-06,0.007061079060168667,-0.0
2024-06-07,-0.006748100079275628,-0.0
2024-06-10,-0.001978376359471538,0.0
2024-06-11,0.016714253300244855,-0.0
2024-06-12,-0.010466195974890825,0.0
2024-06-13,0.002454625452957232,-0.0
2024-06-14,-0.0004989810485981842,-0.0
2024-06-17,-0.004287715122787455,0.0
2024-06-18,-0.009569787272121226,0.0
2024-06-20,-0.0019506281655640148,0.0
2024-06-21,0.012533410064811951,-0.0
2024-06-24,0.0,-0.0
2024-06-25,-0.0,0.0
2024-06-26,-0.0,0.0
2024-06-27,0.0,0.0
2024-06-28,0.0,0.0
2024-07-01,0.0,0.0
2024-07-02,0.0,0.010713209210678788
2024-07-03,0.0,0.005928347218909771
2024-07-05,-0.0,0.004821565806764438
2024-07-08,0.0,0.009977957817186942
2024-07-09,0.0,-0.006860181259087529
2024-07-10,0.0,0.014340624321507053
2024-07-11,-0.0,-0.001074537831237725
2024-07-12,-0.0,0.0010850943746548384
2024-07-15,0.0,0.0
2024-07-16,0.0,0.0
2024-07-17,-0.0,-0.0
2024-07-18,-0.0,0.0
2024-07-19,-0.0,-0.0
2024-07-22,-0.0,0.0
2024-07-23,0.0,-0.0
2024-07-24,-0.0,0.0
2024-07-25,-0.0,0.0
2024-07-26,-0.0017981576751554477,-0.0
2024-07-29,-0.013650219874932167,0.0
2024-07-30,0.0033689819791073673,0.0
2024-07-31,-0.022377186140902946,0.0
2024-08-01,-0.013553757757317961,-0.0012232390795534238
2024-08-02,-0.0407180050220101,0.002373554118166494
2024-08-05,-0.01904774130680628,-0.014298275366787086
2024-08-06,0.0027958408192057214,0.009919407052898548
2024-08-07,0.0135002401573148,0.006483055474765161
2024-08-08,0.01948992269451272,-0.01465785696788781
2024-08-09,0.0023218064560129796,0.007185875883194683
2024-08-12,0.0010825999944595807,-0.006087085043311914
2024-08-13,0.005946043343151275,0.011033497194950947
2024-08-14,0.008879909549715986,-0.006453205474699533
2024-08-15,0.0009188757624513317,-0.0001116405169684833
2024-08-16,0.006350856557418001,0.005103905619821783
2024-08-19,0.0063784860664977995,0.0010114369252651658
2024-08-20,-0.02349492827781816,0.017898315772979692
2024-08-21,0.0018445138554777619,-0.0
2024-08-22,0.0,-0.0
2024-08-23,0.0,0.0
2024-08-26,0.0,0.0
2024-08-27,-0.0,-0.0
2024-08-28,0.0,-0.0
2024-08-29,0.0,-0.0
2024-08-30,0.0,-0.0
2024-09-03,-0.0,0.0
2024-09-04,-0.0,-0.0
2024-09-05,-0.0,0.0
2024-09-06,-0.0,-0.0
2024-09-09,0.0,-0.0
2024-09-10,0.0,-0.0
2024-09-11,-0.0,-0.0
2024-09-12,-0.0,0.0
2024-09-13,-0.0,-0.0
2024-09-16,0.0,0.0
2024-09-17,0.0,-0.0
2024-09-18,0.0,-0.0
2024-09-19,0.0,-0.0
2024-09-20,-0.0,-0.004305974790168997
2024-09-23,-0.0,0.00018968373491124813
2024-09-24,-0.0,-0.00017830227785306865
2024-09-25,-0.0,0.013553732122289934
2024-09-26,0.0,0.0020823445847011693
2024-09-27,-0.0,0.0005132582481038091
2024-09-30,0.0,-0.010801613283623057
2024-10-01,-0.0,0.00323372744168169
2024-10-02,0.0,0.005923959851121527
2024-10-03,0.0,-0.0005991803066182754
2024-10-04,0.0,0.005313624957468847
2024-10-07,-0.0,-0.00405248000127634
2024-10-08,0.0,0.007819540440007515
2024-10-09,0.0,-0.007118973710760958
2024-10-10,-0.0,0.00026534426921146674
2024-10-11,0.0,-0.011263115486436142
2024-10-14,-0.0,-0.010970227308234156
2024-10-15,0.0,0.009888807497350195
2024-10-16,0.0,-0.03292149244425631
2024-10-17,-0.0,-0.0
2024-10-18,-0.0,0.03298039742387158
2024-10-21,-0.0,-0.0031600944952891834
2024-10-22,0.0,0.02032895576483866
2024-10-23,-0.0,-0.009262290417757932
2024-10-24,0.0,0.0011888087077876605
2024-10-25,-0.0,-0.0035340495614155226
2024-10-28,0.0,-0.002330012259906325
2024-10-29,0.0,0.002997795567799507
2024-10-30,-0.0,-0.0044379821365440105
2024-10-31,-0.0,0.001600576669670735
2024-11-01,-0.0,0.004390352978202235
2024-11-04,-0.0,-0.003922359333047012
2024-11-05,0.0,-0.002961474824253789
2024-11-06,0.0,0.03388863703130991
2024-11-07,-0.0,0.01615714088157895
2024-11-08,0.0,-0.0
2024-11-11,0.0,0.0
2024-11-12,-0.0,0.0
2024-11-13,0.002129077627058316,-0.0
2024-11-14,0.002138185554874189,0.0
2024-11-15,0.018830543030935936,0.0
2024-11-18,0.00030700917944446625,-0.0
2024-11-19,-0.004427512368849857,0.0
2024-11-20,-0.006511748432689033,-0.0
2024-11-21,0.006638483111461431,0.0
2024-11-22,0.006755987965873165,0.0
2024-11-25,0.0,-0.0
2024-11-26,0.0,-0.0
2024-11-27,-0.0,0.0
2024-11-29,-0.0,0.0
2024-12-02,-0.0,-0.0
2024-12-03,-0.0,0.0
2024-12-04,-0.0,-0.0
2024-12-05,0.0,0.0
2024-12-06,0.0,0.0
2024-12-09,-0.0,0.0
2024-12-10,-0.0,-0.0
2024-12-11,0.0,-0.0
2024-12-12,0.0,0.0
2024-12-13,0.007969657178955966,0.0
2024-12-16,0.0032632560561604634,-0.0
2024-12-17,0.0066591401906997885,0.0
2024-12-18,0.02699528307519019,0.0
2024-12-19,0.00042811172482129295,-0.0
2024-12-20,-0.0148810891861292,0.0
2024-12-23,0.0067719761242000485,-0.0
2024-12-24,-0.010011968663839679,-0.0
2024-12-26,-0.0030065190400405837,-0.0
2024-12-27,0.002940579536531142,0.0
2024-12-30,0.00879836019594628,-0.0
2024-12-31,-0.0005256857799615124,-0.0
2025-01-02,-0.009490919600152385,-0.0
2025-01-03,-0.00660566497883115,-0.0
2025-01-06,-0.013214062465421823,0.0
2025-01-07,-0.015949830700441047,-0.0
2025-01-08,-0.002928240329246886,0.0
2025-01-10,0.01706525284789624,-0.0
2025-01-13,0.005290118600436069,-0.0
2025-01-14,0.0,0.0
2025-01-15,0.0,-0.0
2025-01-16,-0.0,0.0
2025-01-17,-0.0,-0.05248607081641448
2025-01-21,0.0,-0.0
2025-01-22,-0.0,0.0043793196347443036
2025-01-23,0.0,0.0012035506981770867
2025-01-24,0.0,0.008087842653641953
2025-01-27,0.0,-0.0033965204364001782
2025-01-28,-0.0,-0.015072279552929075
2025-01-29,-0.0,-0.019705635659432147
2025-01-30,-0.0,-0.005089132669835597
2025-01-31,-0.0,0.003744670822815885
2025-02-03,0.0,-0.0037241596543498914
2025-02-04,0.0,0.00192998188259123
2025-02-05,0.0,-0.007596475920557556
2025-02-06,0.0,-0.002467920404513906
2025-02-07,-0.0,-0.0009262038044540438
2025-02-10,-0.0,0.003701892661960305
2025-02-11,0.0,0.011121937109989077
2025-02-12,-0.0,0.018176623046831403
2025-02-13,0.0,-0.0038315643877257313
2025-02-14,0.0,-0.011337884008317811
2025-02-18,0.0122766848351789,-0.01310962320353886
2025-02-19,0.008450985740748,0.0
2025-02-20,0.012662361758596696,-0.0
2025-02-21,0.006178160016242402,-0.0
2025-02-24,0.006467211025533638,-0.0
2025-02-25,0.011088428262415474,-0.0
2025-02-26,0.0006837046396951017,0.0
2025-02-27,-0.0021877562282218163,-0.0
2025-02-28,0.0,0.0
2025-03-03,-0.0,-0.0
2025-03-04,-0.0,-0.0
2025-03-05,-0.0,-0.0
2025-03-06,-0.0,-0.0
2025-03-07,0.0,-0.0
2025-03-10,-0.0,0.0
2025-03-11,0.0,0.0
2025-03-12,0.0,-0.0
2025-03-13,-0.0,0.0
2025-03-14,0.0,0.0
2025-03-17,0.0,0.0
2025-03-18,0.0,-0.0
2025-03-19,0.0,0.0
2025-03-20,-0.006956714666644613,0.0
2025-03-21,0.0005027264555846113,-0.0
2025-03-24,-0.010215620782801492,-0.0
2025-03-25,-0.004429275730442543,-0.0
2025-03-26,0.010680792856681722,-0.0
2025-03-27,0.0035170670251327045,-0.0
2025-03-28,0.02668651899700228,-0.0
2025-03-31,-0.0063903033293704285,0.0
2025-04-01,-0.0,0.0
2025-04-02,0.0,-0.0
2025-04-03,-0.0,-0.0
2025-04-04,-0.0,-0.0
2025-04-07,0.03504217802244889,0.0
2025-04-08,-0.010831636444045622,0.0
2025-04-09,0.04431426320157772,0.0
2025-04-10,-0.02331884351558968,-0.0
2025-04-11,0.0,-0.0
2025-04-14,0.0,0.0
2025-04-15,0.0,-0.0
2025-04-16,-0.0,0.0
2025-04-17,0.0,-0.0
2025-04-21,-0.0,-0.0
2025-04-22,0.0,-0.0
2025-04-23,0.0,0.008931848463429959
2025-04-24,0.0,0.006789774912276565
2025-04-25,0.0,-0.002821360333848699
2025-04-28,0.0,0.011270363717143107
2025-04-29,0.0,0.002986927599249246
2025-04-30,-0.0,-0.006883511164879778
2025-05-01,0.0,0.0025525255416885854
2025-05-02,0.0,-0.0011569742672102139
2025-05-05,0.0,-0.002799017638030266
2025-05-06,-0.0,0.0019254636063536067
2025-05-07,0.0,-0.014483849514819878
2025-05-08,0.0,0.001610561737929301
2025-05-09,0.0,0.002080264387420208
2025-05-12,0.0,0.006710143731926507
2025-05-13,0.0,-0.0025901420722934283
2025-05-14,0.0,0.00025461543370668875
2025-05-15,-0.0,-0.009129271566096052
2025-05-16,0.0,-0.00228748947081175
2025-05-19,0.0,0.002895155220713227
2025-05-20,-0.0,-0.0
2025-05-21,-0.0,-0.004107023568529697
2025-05-22,0.0,0.004093334039986454
2025-05-23,-0.0,-0.0011417293065792786
2025-05-27,0.0,0.00045503859456647033
2025-05-28,-0.0,-0.005572214606226771
2025-05-29,0.0,-0.005656210734667669
2025-05-30,-0.0,0.001361214568997681
2025-06-02,-0.0,-0.007523938796343124
2025-06-03,0.0,-0.0074892703213066784
2025-06-04,-0.0,0.008043902733508876
2025-06-05,0.0,0.008050825373663176
2025-06-06,0.0,0.0010254447649816166
2025-06-09,-0.0,-0.00739936019802305
2025-06-10,0.0,-0.001327449692879219
2025-06-11,-0.0,0.011458897013198778
2025-06-12,-0.0,-0.007042891487623427
2025-06-13,-0.0,0.002219449614434557
2025-06-16,0.0,0.007054063928628645
2025-06-17,-0.0,0.0015257608373727416
2025-06-18,0.0,0.0
2025-06-20,0.0,0.0
2025-06-23,0.0,0.0
2025-06-24,0.0,-0.0
2025-06-25,0.0,-0.0
2025-06-26,0.0,0.0
2025-06-27,-0.0,-0.0
2025-06-30,0.0,0.0
2025-07-01,0.0,0.0
2025-07-02,0.0,-0.0
2025-07-03,0.0,0.0
2025-07-07,-0.0,-0.0
2025-07-08,-0.0,0.0
2025-07-09,-0.0,0.0
2025-07-10,0.0,0.0
2025-07-11,-0.00402067206781233,0.0
2025-07-14,0.006840541580566599,0.0
2025-07-15,-0.015340301830026274,0.0
2025-07-16,-0.004759717018470611,6.399725149091901e-06
2025-07-17,0.019045496549741543,-0.02494616268886558
2025-07-18,0.005753419049862652,0.027506726157090683
2025-07-21,0.003959196414783515,-0.008876802641544418
2025-07-22,0.005221011851108368,-0.0024268989954434363
2025-07-23,0.006591038806810649,-0.01067504521393031
2025-07-24,0.007080288305970038,0.0024495202870976713
2025-07-25,0.0,0.001909254414391188
2025-07-28,-0.0,0.007299664896238503
2025-07-29,-0.0,0.00798406526950024
2025-07-30,0.0,0.005949299503673712
2025-07-31,-0.0,-0.0076344056859799884
