window,formation_end,start,end,observations,pairs,start_equity,end_equity,net_return,gross_pnl,turnover,invested_fraction
1,2020-01-02,2020-01-03,2020-07-02,126,Cash,100000.0,100000.0,0.0,0.0,0.0,0.0
2,2020-07-02,2020-07-06,2020-12-31,126,Cash,100000.0,100000.0,0.0,0.0,0.0,0.0
3,2020-12-31,2021-01-04,2021-07-02,126,Cash,100000.0,100000.0,0.0,0.0,0.0,0.0
4,2021-07-02,2021-07-06,2021-12-31,126,Cash,100000.0,100000.0,0.0,0.0,0.0,0.0
5,2021-12-31,2022-01-03,2022-07-05,126,Cash,100000.0,100000.0,0.0,0.0,0.0,0.0
6,2022-07-05,2022-07-06,2023-01-03,126,Cash,100000.0,100000.0,0.0,0.0,0.0,0.0
7,2023-01-03,2023-01-04,2023-07-06,126,Cash,100000.0,100000.0,0.0,0.0,0.0,0.0
8,2023-07-06,2023-07-07,2024-01-04,126,Cash,100000.0,100000.0,0.0,0.0,0.0,0.0
9,2024-01-04,2024-01-05,2024-07-08,126,Cash,100000.0,100000.0,0.0,0.0,0.0,0.0
10,2024-07-08,2024-07-09,2025-01-06,126,Cash,100000.0,100000.0,0.0,0.0,0.0,0.0
11,2025-01-06,2025-01-07,2025-07-10,126,Cash,100000.0,100000.0,0.0,0.0,0.0,0.0
12,2025-07-10,2025-07-11,2025-07-31,15,Cash,100000.0,100000.0,0.0,0.0,0.0,0.0
