y,x,alpha,beta,p_value,adjusted_p,plausible_i1,eligible,selected,window,formation_start,formation_end,trading_start,trading_end
BAC,BK,16.154950562779977,0.22034821799901477,0.9522807570965536,1.0,True,False,False,1,2018-01-02,2020-01-02,2020-01-03,2020-07-02
BAC,C,4.1258321205946356,0.39100000534860047,0.15158665031730628,1.0,True,False,False,1,2018-01-02,2020-01-02,2020-01-03,2020-07-02
BAC,GS,14.210906118658086,0.05893130370239788,0.9395896986842103,1.0,True,False,False,1,2018-01-02,2020-01-02,2020-01-03,2020-07-02
BAC,JPM,6.197272547046365,0.20452931948667374,0.3829969199813601,1.0,True,False,False,1,2018-01-02,2020-01-02,2020-01-03,2020-07-02
BAC,MS,12.011772569076955,0.3475119615190918,0.9387679809245151,1.0,True,False,False,1,2018-01-02,2020-01-02,2020-01-03,2020-07-02
BAC,PNC,5.2781960626004905,0.1827228498443001,0.4090872489336973,1.0,True,False,False,1,2018-01-02,2020-01-02,2020-01-03,2020-07-02
BAC,TFC,-2.648934031175158,0.7384228031539364,0.15927612056233525,1.0,True,False,False,1,2018-01-02,2020-01-02,2020-01-03,2020-07-02
BAC,USB,3.231506235994202,0.5455110707350008,0.6673340339956059,1.0,True,False,False,1,2018-01-02,2020-01-02,2020-01-03,2020-07-02
BAC,WFC,11.486491908349924,0.319114891983444,0.9203596260528144,1.0,True,False,False,1,2018-01-02,2020-01-02,2020-01-03,2020-07-02
BK,C,30.991500877678913,0.1923356671471652,0.5802904492372842,1.0,True,False,False,1,2018-01-02,2020-01-02,2020-01-03,2020-07-02
BK,GS,23.15252949833853,0.09715687078253281,0.4268145882815175,1.0,True,False,False,1,2018-01-02,2020-01-02,2020-01-03,2020-07-02
BK,JPM,44.16318037903186,-0.029668455219027855,0.43429355488383586,1.0,True,False,False,1,2018-01-02,2020-01-02,2020-01-03,2020-07-02
BK,MS,18.470355501996757,0.6006050007589956,0.44630808834874175,1.0,True,False,False,1,2018-01-02,2020-01-02,2020-01-03,2020-07-02
BK,PNC,27.652546325555132,0.1255699070509671,0.5744276629961289,1.0,True,False,False,1,2018-01-02,2020-01-02,2020-01-03,2020-07-02
BK,TFC,22.21354995418908,0.5072266625817455,0.5935297370964281,1.0,True,False,False,1,2018-01-02,2020-01-02,2020-01-03,2020-07-02
BK,USB,46.58711603755273,-0.12846608492805583,0.4023830746470779,1.0,True,False,False,1,2018-01-02,2020-01-02,2020-01-03,2020-07-02
BK,WFC,14.46230503158958,0.6232688355770678,0.3209040322649678,1.0,True,False,False,1,2018-01-02,2020-01-02,2020-01-03,2020-07-02
C,GS,24.42513058406376,0.1580044300827708,0.9166699432124416,1.0,True,False,False,1,2018-01-02,2020-01-02,2020-01-03,2020-07-02
C,JPM,11.785145673826907,0.4535481894997637,0.23403939746163216,1.0,True,False,False,1,2018-01-02,2020-01-02,2020-01-03,2020-07-02
C,MS,22.24253328791371,0.834444848606481,0.8806636357920603,1.0,True,False,False,1,2018-01-02,2020-01-02,2020-01-03,2020-07-02
C,PNC,6.451356641626843,0.4353047153945686,0.10219699650210462,1.0,True,False,False,1,2018-01-02,2020-01-02,2020-01-03,2020-07-02
C,TFC,-6.499198363824949,1.6022385786596907,0.07870250127584105,1.0,True,False,False,1,2018-01-02,2020-01-02,2020-01-03,2020-07-02
C,USB,1.1826558744167386,1.3093038357344642,0.3766284044467064,1.0,True,False,False,1,2018-01-02,2020-01-02,2020-01-03,2020-07-02
C,WFC,20.233556402744185,0.7835599490031765,0.9123633722394439,1.0,True,False,False,1,2018-01-02,2020-01-02,2020-01-03,2020-07-02
GS,JPM,116.23656315457944,0.7668358141765346,0.5682002615966039,1.0,True,False,False,1,2018-01-02,2020-01-02,2020-01-03,2020-07-02
GS,MS,-0.5212370317316166,4.932911967183474,0.20658722698027865,1.0,True,False,False,1,2018-01-02,2020-01-02,2020-01-03,2020-07-02
GS,PNC,3.249287066063525,1.6859532318889399,0.3752630157326513,1.0,True,False,False,1,2018-01-02,2020-01-02,2020-01-03,2020-07-02
GS,TFC,-1.8046278643745826,5.012859235186051,0.3795097732859169,1.0,True,False,False,1,2018-01-02,2020-01-02,2020-01-03,2020-07-02
GS,USB,106.96067681436507,1.9996486436948202,0.6315552088732101,1.0,True,False,False,1,2018-01-02,2020-01-02,2020-01-03,2020-07-02
GS,WFC,-0.2538732053840995,4.351081802660541,0.45213232195883735,1.0,True,False,False,1,2018-01-02,2020-01-02,2020-01-03,2020-07-02
JPM,MS,63.47904192938256,0.7808183602265574,0.9924161000049883,1.0,True,False,False,1,2018-01-02,2020-01-02,2020-01-03,2020-07-02
JPM,PNC,20.714790121536595,0.663053902912865,0.9779652228548046,1.0,True,False,False,1,2018-01-02,2020-01-02,2020-01-03,2020-07-02
JPM,TFC,-12.510485159457414,2.7974738148093747,0.7468574442601685,1.0,True,False,False,1,2018-01-02,2020-01-02,2020-01-03,2020-07-02
JPM,USB,-15.682277064910352,2.6963983636715256,0.35577555575216274,1.0,True,False,False,1,2018-01-02,2020-01-02,2020-01-03,2020-07-02
JPM,WFC,61.72284902095195,0.7303416478730869,0.9903833736848556,1.0,True,False,False,1,2018-01-02,2020-01-02,2020-01-03,2020-07-02
MS,PNC,1.6763448685246907,0.3334437032794672,0.42489000225246976,1.0,True,False,False,1,2018-01-02,2020-01-02,2020-01-03,2020-07-02
MS,TFC,-1.4615839153413184,1.0479756324533613,0.41889030092492374,1.0,True,False,False,1,2018-01-02,2020-01-02,2020-01-03,2020-07-02
MS,USB,23.43725354861799,0.36457546774289684,0.7078766710567991,1.0,True,False,False,1,2018-01-02,2020-01-02,2020-01-03,2020-07-02
MS,WFC,4.118890339418566,0.7879896087640215,0.5669991062545312,1.0,True,False,False,1,2018-01-02,2020-01-02,2020-01-03,2020-07-02
PNC,TFC,-24.92925780750396,3.5532404741597254,0.10813166617178177,1.0,True,False,False,1,2018-01-02,2020-01-02,2020-01-03,2020-07-02
PNC,USB,15.455050857024471,2.3258384526820857,0.8195842535558842,1.0,True,False,False,1,2018-01-02,2020-01-02,2020-01-03,2020-07-02
PNC,WFC,37.473798361554365,1.6655121725233537,0.8713339049508457,1.0,True,False,False,1,2018-01-02,2020-01-02,2020-01-03,2020-07-02
TFC,USB,12.386258846519898,0.6293087970186202,0.28042414908255286,1.0,True,False,False,1,2018-01-02,2020-01-02,2020-01-03,2020-07-02
TFC,WFC,22.602735606434052,0.3520886965113743,0.4401538201221285,1.0,True,False,False,1,2018-01-02,2020-01-02,2020-01-03,2020-07-02
USB,WFC,28.283004423225794,0.28066670093216317,0.8733280512568247,1.0,True,False,False,1,2018-01-02,2020-01-02,2020-01-03,2020-07-02
BAC,BK,7.456548048427026,0.4476803171424024,0.6192432282048271,1.0,True,False,False,2,2018-07-03,2020-07-02,2020-07-06,2020-12-31
BAC,C,5.937828786059355,0.3620205285368696,0.06881935829009518,1.0,True,False,False,2,2018-07-03,2020-07-02,2020-07-06,2020-12-31
BAC,GS,0.6833446389205656,0.13421438761367865,0.6618764947986012,1.0,False,False,False,2,2018-07-03,2020-07-02,2020-07-06,2020-12-31
BAC,JPM,1.424664693052642,0.24807111132540777,0.41942162343028233,1.0,True,False,False,2,2018-07-03,2020-07-02,2020-07-06,2020-12-31
BAC,MS,1.5452523247112617,0.6284868412179447,0.9830790260858461,1.0,False,False,False,2,2018-07-03,2020-07-02,2020-07-06,2020-12-31
BAC,PNC,1.701465576134395,0.21923005766180845,0.033288668792113896,1.0,True,False,False,2,2018-07-03,2020-07-02,2020-07-06,2020-12-31
BAC,TFC,4.051472360594673,0.5710164722070707,0.13583562944180144,1.0,True,False,False,2,2018-07-03,2020-07-02,2020-07-06,2020-12-31
BAC,USB,6.248694748676018,0.4750136537435778,0.39389478725949006,1.0,True,False,False,2,2018-07-03,2020-07-02,2020-07-06,2020-12-31
BAC,WFC,12.706754800973787,0.3047840429726429,0.1902821737715552,1.0,True,False,False,2,2018-07-03,2020-07-02,2020-07-06,2020-12-31
BK,C,17.805939636448212,0.39945194188878813,0.5336886018211299,1.0,True,False,False,2,2018-07-03,2020-07-02,2020-07-06,2020-12-31
BK,GS,14.421853113205877,0.1345983445099797,0.7954152181514496,1.0,False,False,False,2,2018-07-03,2020-07-02,2020-07-06,2020-12-31
BK,JPM,22.24810202687001,0.17326475871211972,0.6529694381839048,1.0,True,False,False,2,2018-07-03,2020-07-02,2020-07-06,2020-12-31
BK,MS,18.088143190270692,0.5542056644476299,0.8998061996808793,1.0,False,False,False,2,2018-07-03,2020-07-02,2020-07-06,2020-12-31
BK,PNC,15.472174306169936,0.21957794523116853,0.5713593592428187,1.0,True,False,False,2,2018-07-03,2020-07-02,2020-07-06,2020-12-31
BK,TFC,12.36989792689699,0.7228638046544957,0.3651076199970761,1.0,True,False,False,2,2018-07-03,2020-07-02,2020-07-06,2020-12-31
BK,USB,14.59825283843125,0.615578546956486,0.3415484743633379,1.0,True,False,False,2,2018-07-03,2020-07-02,2020-07-06,2020-12-31
BK,WFC,16.92465744664785,0.5486435443684063,0.19957265581967254,1.0,True,False,False,2,2018-07-03,2020-07-02,2020-07-06,2020-12-31
C,GS,-11.293135214503273,0.3527295225807209,0.820011472492592,1.0,False,False,False,2,2018-07-03,2020-07-02,2020-07-06,2020-12-31
C,JPM,-6.888197017836942,0.6257642387086144,0.5838286246924987,1.0,True,False,False,2,2018-07-03,2020-07-02,2020-07-06,2020-12-31
C,MS,-4.760302718712532,1.5358520345921294,0.9870123598167061,1.0,False,False,False,2,2018-07-03,2020-07-02,2020-07-06,2020-12-31
C,PNC,-9.086719100999476,0.5806348950860512,0.03743707332414474,1.0,True,False,False,2,2018-07-03,2020-07-02,2020-07-06,2020-12-31
C,TFC,-4.489248979415127,1.5573469268722029,0.060542921785519566,1.0,True,False,False,2,2018-07-03,2020-07-02,2020-07-06,2020-12-31
C,USB,-0.385833912728724,1.3441717106760018,0.1877216068129704,1.0,True,False,False,2,2018-07-03,2020-07-02,2020-07-06,2020-12-31
C,WFC,16.965694862801186,0.8859409495954679,0.3162439281235109,1.0,True,False,False,2,2018-07-03,2020-07-02,2020-07-06,2020-12-31
GS,JPM,56.56449091414083,1.304126008598133,0.34667826451370354,1.0,False,False,False,2,2018-07-03,2020-07-02,2020-07-06,2020-12-31
GS,MS,23.06704667201506,4.230749765357007,0.593983666953959,1.0,False,False,False,2,2018-07-03,2020-07-02,2020-07-06,2020-12-31
GS,PNC,54.921226466743235,1.1820525357863831,0.38026389803604105,1.0,False,False,False,2,2018-07-03,2020-07-02,2020-07-06,2020-12-31
GS,TFC,74.07421504407087,2.8994981474766215,0.43632805772758987,1.0,False,False,False,2,2018-07-03,2020-07-02,2020-07-06,2020-12-31
GS,USB,90.46328144311772,2.2772618388660018,0.32140580050249545,1.0,False,False,False,2,2018-07-03,2020-07-02,2020-07-06,2020-12-31
GS,WFC,116.92740589956071,1.5755109115175134,0.21867206635246006,1.0,False,False,False,2,2018-07-03,2020-07-02,2020-07-06,2020-12-31
JPM,MS,8.249715264923783,2.3226928905503366,0.9825383596190764,1.0,False,False,False,2,2018-07-03,2020-07-02,2020-07-06,2020-12-31
JPM,PNC,9.185810276199586,0.8067852249159304,0.45704932050994856,1.0,True,False,False,2,2018-07-03,2020-07-02,2020-07-06,2020-12-31
JPM,TFC,23.099400281625037,1.9557221534196076,0.560664470076423,1.0,True,False,False,2,2018-07-03,2020-07-02,2020-07-06,2020-12-31
JPM,USB,30.213164293789784,1.6375173249525208,0.7114275971971746,1.0,True,False,False,2,2018-07-03,2020-07-02,2020-07-06,2020-12-31
JPM,WFC,58.439817207990465,0.8990233419448889,0.3930274388528152,1.0,True,False,False,2,2018-07-03,2020-07-02,2020-07-06,2020-12-31
MS,PNC,11.816485870088744,0.23851304483161725,0.8382429768731174,1.0,False,False,False,2,2018-07-03,2020-07-02,2020-07-06,2020-12-31
MS,TFC,16.236978912112768,0.5696799842246144,0.6298190822749701,1.0,False,False,False,2,2018-07-03,2020-07-02,2020-07-06,2020-12-31
MS,USB,20.820268491806615,0.4123146968821728,0.3305693288350695,1.0,False,False,False,2,2018-07-03,2020-07-02,2020-07-06,2020-12-31
MS,WFC,27.037550409739964,0.2489999406675748,0.24680605379891946,1.0,False,False,False,2,2018-07-03,2020-07-02,2020-07-06,2020-12-31
PNC,TFC,12.527614526376494,2.554619534348295,0.24332755876550366,1.0,True,False,False,2,2018-07-03,2020-07-02,2020-07-06,2020-12-31
PNC,USB,20.412190927844822,2.1752256474013567,0.20704025473972099,1.0,True,False,False,2,2018-07-03,2020-07-02,2020-07-06,2020-12-31
PNC,WFC,50.35808452486414,1.3862204401434512,0.206402750421112,1.0,True,False,False,2,2018-07-03,2020-07-02,2020-07-06,2020-12-31
TFC,USB,3.3603457706760267,0.844431461714124,0.04553785316519259,1.0,True,False,False,2,2018-07-03,2020-07-02,2020-07-06,2020-12-31
TFC,WFC,13.836233724644995,0.5673618099239581,0.06602100851172128,1.0,True,False,False,2,2018-07-03,2020-07-02,2020-07-06,2020-12-31
USB,WFC,12.423353887934145,0.6714409632302967,0.3257797013438961,1.0,True,False,False,2,2018-07-03,2020-07-02,2020-07-06,2020-12-31
BAC,BK,6.528719696809697,0.49177505154197426,0.48158120749974215,1.0,True,False,False,3,2019-01-03,2020-12-31,2021-01-04,2021-07-02
BAC,C,8.640033638981642,0.3192783279021675,0.3669339317989533,1.0,True,False,False,3,2019-01-03,2020-12-31,2021-01-04,2021-07-02
BAC,GS,2.5374503579940426,0.1211215102689554,0.895736353633615,1.0,True,False,False,3,2019-01-03,2020-12-31,2021-01-04,2021-07-02
BAC,JPM,1.5376693079145687,0.24201936445138528,0.6490890071126066,1.0,True,False,False,3,2019-01-03,2020-12-31,2021-01-04,2021-07-02
BAC,MS,16.116732294662945,0.21093504959082515,0.6413544687854599,1.0,True,False,False,3,2019-01-03,2020-12-31,2021-01-04,2021-07-02
BAC,PNC,3.24983148399852,0.20435350877763436,0.1170027991956401,1.0,True,False,False,3,2019-01-03,2020-12-31,2021-01-04,2021-07-02
BAC,TFC,5.093101713367767,0.546067521897428,0.09387300954077099,1.0,True,False,False,3,2019-01-03,2020-12-31,2021-01-04,2021-07-02
BAC,USB,8.2911984106325,0.4343734818443433,0.3026448431098787,1.0,True,False,False,3,2019-01-03,2020-12-31,2021-01-04,2021-07-02
BAC,WFC,15.965809550824895,0.2478128385058772,0.34881286463868916,1.0,True,False,False,3,2019-01-03,2020-12-31,2021-01-04,2021-07-02
BK,C,15.315858471250184,0.4252775604387452,0.33063260860376564,1.0,True,False,False,3,2019-01-03,2020-12-31,2021-01-04,2021-07-02
BK,GS,21.263614524531604,0.08318387234728876,0.7765079773494972,1.0,True,False,False,3,2019-01-03,2020-12-31,2021-01-04,2021-07-02
BK,JPM,16.154545245133235,0.21312426261813938,0.7354755767681842,1.0,True,False,False,3,2019-01-03,2020-12-31,2021-01-04,2021-07-02
BK,MS,35.71629753958409,0.013584289243208807,0.5436767836154108,1.0,True,False,False,3,2019-01-03,2020-12-31,2021-01-04,2021-07-02
BK,PNC,13.415954124650437,0.22107306995333265,0.7174198624344371,1.0,True,False,False,3,2019-01-03,2020-12-31,2021-01-04,2021-07-02
BK,TFC,10.416573436545528,0.7323152771617875,0.36794767812175055,1.0,True,False,False,3,2019-01-03,2020-12-31,2021-01-04,2021-07-02
BK,USB,12.776544538323769,0.6346874979293539,0.3988217689321503,1.0,True,False,False,3,2019-01-03,2020-12-31,2021-01-04,2021-07-02
BK,WFC,21.00422098644987,0.45031285505874313,0.2627657826176061,1.0,True,False,False,3,2019-01-03,2020-12-31,2021-01-04,2021-07-02
C,GS,0.20912345921814435,0.27208349423696854,0.9751599349002739,1.0,True,False,False,3,2019-01-03,2020-12-31,2021-01-04,2021-07-02
C,JPM,-9.93655771294232,0.6274601398714135,0.9285461456979726,1.0,True,False,False,3,2019-01-03,2020-12-31,2021-01-04,2021-07-02
C,MS,39.07115576287613,0.2598114376251959,0.7006113100331194,1.0,True,False,False,3,2019-01-03,2020-12-31,2021-01-04,2021-07-02
C,PNC,-8.493800082290608,0.5588200126316059,0.8743897238149256,1.0,True,False,False,3,2019-01-03,2020-12-31,2021-01-04,2021-07-02
C,TFC,-4.933649489783704,1.5352339266679298,0.4099716885051434,1.0,True,False,False,3,2019-01-03,2020-12-31,2021-01-04,2021-07-02
C,USB,-0.2884206269491734,1.3387392283414508,0.26078407223455424,1.0,True,False,False,3,2019-01-03,2020-12-31,2021-01-04,2021-07-02
C,WFC,20.43222012988526,0.8503948826869008,0.3014018115757692,1.0,True,False,False,3,2019-01-03,2020-12-31,2021-01-04,2021-07-02
GS,JPM,56.98206327391631,1.30617139454725,0.8363844114631604,1.0,True,False,False,3,2019-01-03,2020-12-31,2021-01-04,2021-07-02
GS,MS,77.56675916408355,2.6261546392015953,0.14538365530753244,1.0,True,False,False,3,2019-01-03,2020-12-31,2021-01-04,2021-07-02
GS,PNC,75.9173605234437,1.009014119575599,0.6695997129994005,1.0,True,False,False,3,2019-01-03,2020-12-31,2021-01-04,2021-07-02
GS,TFC,97.85743772471376,2.332264988520778,0.9125556417959617,1.0,True,False,False,3,2019-01-03,2020-12-31,2021-01-04,2021-07-02
GS,USB,127.20562612400843,1.4309505231267017,0.7482399768843975,1.0,True,False,False,3,2019-01-03,2020-12-31,2021-01-04,2021-07-02
GS,WFC,168.56228321167916,0.3414815072323495,0.5752510433467091,1.0,True,False,False,3,2019-01-03,2020-12-31,2021-01-04,2021-07-02
JPM,MS,51.11824198322121,1.105128355134371,0.7587355974315073,1.0,True,False,False,3,2019-01-03,2020-12-31,2021-01-04,2021-07-02
JPM,PNC,12.79546186419263,0.7889716462333627,0.32743477536525895,1.0,True,False,False,3,2019-01-03,2020-12-31,2021-01-04,2021-07-02
JPM,TFC,26.012716742738935,1.9353047840648447,0.8488682313715871,1.0,True,False,False,3,2019-01-03,2020-12-31,2021-01-04,2021-07-02
JPM,USB,39.937666599072514,1.4693956063861333,0.7898988212619296,1.0,True,False,False,3,2019-01-03,2020-12-31,2021-01-04,2021-07-02
JPM,WFC,70.16834248969704,0.7121783294105952,0.6692738114625143,1.0,True,False,False,3,2019-01-03,2020-12-31,2021-01-04,2021-07-02
MS,PNC,17.60693726079017,0.20764604135112702,0.9807019331583297,1.0,True,False,False,3,2019-01-03,2020-12-31,2021-01-04,2021-07-02
MS,TFC,24.92013240678392,0.40062922186294936,0.9787744686655478,1.0,True,False,False,3,2019-01-03,2020-12-31,2021-01-04,2021-07-02
MS,USB,35.219420356863594,0.10361759966872855,0.9465587469928747,1.0,True,False,False,3,2019-01-03,2020-12-31,2021-01-04,2021-07-02
MS,WFC,44.29923719347019,-0.15504591581623753,0.8145479555016467,1.0,True,False,False,3,2019-01-03,2020-12-31,2021-01-04,2021-07-02
PNC,TFC,12.989504895479687,2.5596313171927063,0.7664303509040933,1.0,True,False,False,3,2019-01-03,2020-12-31,2021-01-04,2021-07-02
PNC,USB,28.6283577347402,2.018551013998543,0.7605463690722523,1.0,True,False,False,3,2019-01-03,2020-12-31,2021-01-04,2021-07-02
PNC,WFC,67.52918022371662,1.0559770316108326,0.7172570578862034,1.0,True,False,False,3,2019-01-03,2020-12-31,2021-01-04,2021-07-02
TFC,USB,6.155375945119838,0.7873777716749228,0.23005556341783978,1.0,True,False,False,3,2019-01-03,2020-12-31,2021-01-04,2021-07-02
TFC,WFC,20.250326755456562,0.44378646790386755,0.32823805815149354,1.0,True,False,False,3,2019-01-03,2020-12-31,2021-01-04,2021-07-02
USB,WFC,15.970412756423874,0.6206652411522064,0.7510054792825684,1.0,True,False,False,3,2019-01-03,2020-12-31,2021-01-04,2021-07-02
BAC,BK,-10.185223827245615,1.0137589541092056,0.39399168297108517,1.0,True,False,False,4,2019-07-05,2021-07-02,2021-07-06,2021-12-31
BAC,C,2.7456662742074864,0.4674173747718766,0.95215082610003,1.0,True,False,False,4,2019-07-05,2021-07-02,2021-07-06,2021-12-31
BAC,GS,7.465536813546346,0.09031028429375715,0.5630091734359008,1.0,True,False,False,4,2019-07-05,2021-07-02,2021-07-06,2021-12-31
BAC,JPM,-0.932973414576485,0.26229223152674835,0.4599718554713644,1.0,True,False,False,4,2019-07-05,2021-07-02,2021-07-06,2021-12-31
BAC,MS,11.381932082289968,0.32158748273844795,0.7323308026428652,1.0,True,False,False,4,2019-07-05,2021-07-02,2021-07-06,2021-12-31
BAC,PNC,2.177994812405691,0.2128194941319499,0.057613289332025336,1.0,True,False,False,4,2019-07-05,2021-07-02,2021-07-06,2021-12-31
BAC,TFC,-0.324033404696484,0.7199112055730703,0.9021712464527931,1.0,True,False,False,4,2019-07-05,2021-07-02,2021-07-06,2021-12-31
BAC,USB,1.8792431079917302,0.6466354124439876,0.9105297600640896,1.0,True,False,False,4,2019-07-05,2021-07-02,2021-07-06,2021-12-31
BAC,WFC,13.39850775938558,0.4062499324337436,0.9679647785225054,1.0,True,False,False,4,2019-07-05,2021-07-02,2021-07-06,2021-12-31
BK,C,12.782722665047235,0.4605411007401876,0.12942164281958346,1.0,True,False,False,4,2019-07-05,2021-07-02,2021-07-06,2021-12-31
BK,GS,21.895212948104906,0.0680786135225789,0.4199188455171801,1.0,True,False,False,4,2019-07-05,2021-07-02,2021-07-06,2021-12-31
BK,JPM,13.48785585827175,0.21740111127175066,0.26307050893161404,1.0,True,False,False,4,2019-07-05,2021-07-02,2021-07-06,2021-12-31
BK,MS,25.624935621466427,0.22614728904808512,0.5547649569202856,1.0,True,False,False,4,2019-07-05,2021-07-02,2021-07-06,2021-12-31
BK,PNC,15.584983630909509,0.18056613376281666,0.23075777790982133,1.0,True,False,False,4,2019-07-05,2021-07-02,2021-07-06,2021-12-31
BK,TFC,12.02252473962119,0.6490960816493716,0.15173561138028202,1.0,True,False,False,4,2019-07-05,2021-07-02,2021-07-06,2021-12-31
BK,USB,11.768792940526758,0.6412902539829235,0.024406687605427545,1.0,True,False,False,4,2019-07-05,2021-07-02,2021-07-06,2021-12-31
BK,WFC,21.20843826812595,0.4633011131064644,0.4911079072824444,1.0,True,False,False,4,2019-07-05,2021-07-02,2021-07-06,2021-12-31
C,GS,25.261013503181033,0.12217694047978256,0.6437892732753425,1.0,True,False,False,4,2019-07-05,2021-07-02,2021-07-06,2021-12-31
C,JPM,6.484740105702412,0.42510976869497596,0.6461354885138864,1.0,True,False,False,4,2019-07-05,2021-07-02,2021-07-06,2021-12-31
C,MS,32.79802664646821,0.38819612732699804,0.6364246757130754,1.0,True,False,False,4,2019-07-05,2021-07-02,2021-07-06,2021-12-31
C,PNC,11.110234504745229,0.34853607296853395,0.7698434820421487,1.0,True,False,False,4,2019-07-05,2021-07-02,2021-07-06,2021-12-31
C,TFC,2.297685779132042,1.304406943689329,0.43085787883463567,1.0,True,False,False,4,2019-07-05,2021-07-02,2021-07-06,2021-12-31
C,USB,1.2603592683910163,1.3024373105056544,0.2980278468843689,1.0,True,False,False,4,2019-07-05,2021-07-02,2021-07-06,2021-12-31
C,WFC,17.914781789423195,1.0175752944912835,0.57163866707291,1.0,True,False,False,4,2019-07-05,2021-07-02,2021-07-06,2021-12-31
GS,JPM,-53.154547839086945,2.5267629670227505,0.9307445381653637,1.0,True,False,False,4,2019-07-05,2021-07-02,2021-07-06,2021-12-31
GS,MS,33.77849416591205,3.7616274223237713,0.7863236368960808,1.0,True,False,False,4,2019-07-05,2021-07-02,2021-07-06,2021-12-31
GS,PNC,-21.849377838841683,2.03859860390884,0.7351421182007343,1.0,True,False,False,4,2019-07-05,2021-07-02,2021-07-06,2021-12-31
GS,TFC,-26.557528264468367,6.383808872986833,0.9546780449061792,1.0,True,False,False,4,2019-07-05,2021-07-02,2021-07-06,2021-12-31
GS,USB,19.200657376134586,5.052126110052441,0.9792429268199916,1.0,True,False,False,4,2019-07-05,2021-07-02,2021-07-06,2021-12-31
GS,WFC,139.29978267623505,2.257708191951127,0.9914059517081989,1.0,True,False,False,4,2019-07-05,2021-07-02,2021-07-06,2021-12-31
JPM,MS,45.82076973576207,1.2497282709905382,0.7870092059181957,1.0,True,False,False,4,2019-07-05,2021-07-02,2021-07-06,2021-12-31
JPM,PNC,13.111544532578948,0.8005466038076641,0.008175100312526384,0.3678795140636873,True,False,False,4,2019-07-05,2021-07-02,2021-07-06,2021-12-31
JPM,TFC,3.1995603379296655,2.7213405684118896,0.5260897754141736,1.0,True,False,False,4,2019-07-05,2021-07-02,2021-07-06,2021-12-31
JPM,USB,15.509402586255023,2.340812175600428,0.7556663162643713,1.0,True,False,False,4,2019-07-05,2021-07-02,2021-07-06,2021-12-31
JPM,WFC,59.6894164187332,1.3951105811390052,0.9429722806207507,1.0,True,False,False,4,2019-07-05,2021-07-02,2021-07-06,2021-12-31
MS,PNC,-9.148761842609686,0.493089130950509,0.8408799266581111,1.0,True,False,False,4,2019-07-05,2021-07-02,2021-07-06,2021-12-31
MS,TFC,-8.819322618922188,1.5050431746046868,0.969922498197299,1.0,True,False,False,4,2019-07-05,2021-07-02,2021-07-06,2021-12-31
MS,USB,6.171888959530614,1.0817731343457186,0.9851487483456227,1.0,True,False,False,4,2019-07-05,2021-07-02,2021-07-06,2021-12-31
MS,WFC,37.366401529182475,0.31664557739042265,0.990642142455238,1.0,True,False,False,4,2019-07-05,2021-07-02,2021-07-06,2021-12-31
PNC,TFC,-12.022857532651395,3.3898137847371244,0.8600687418348407,1.0,True,False,False,4,2019-07-05,2021-07-02,2021-07-06,2021-12-31
PNC,USB,0.4662062049106461,2.989789905431158,0.9660642366739202,1.0,True,False,False,4,2019-07-05,2021-07-02,2021-07-06,2021-12-31
PNC,WFC,55.769945379404945,1.8161433631505832,0.9798559518591748,1.0,True,False,False,4,2019-07-05,2021-07-02,2021-07-06,2021-12-31
TFC,USB,3.191532988967066,0.8948073647018413,0.501731558046162,1.0,True,False,False,4,2019-07-05,2021-07-02,2021-07-06,2021-12-31
TFC,WFC,18.518827687116698,0.5808237352421357,0.7460290695417486,1.0,True,False,False,4,2019-07-05,2021-07-02,2021-07-06,2021-12-31
USB,WFC,13.815642708086811,0.749975052970925,0.8989167698871248,1.0,True,False,False,4,2019-07-05,2021-07-02,2021-07-06,2021-12-31
BAC,BK,-8.98735949996304,0.9978153907015946,0.059941335783240735,1.0,True,False,False,5,2020-01-03,2021-12-31,2022-01-03,2022-07-05
BAC,C,-2.5259947094808632,0.6258386623175854,0.9675009137000706,1.0,True,False,False,5,2020-01-03,2021-12-31,2022-01-03,2022-07-05
BAC,GS,5.88116550221733,0.09355308479671659,0.08754874677973423,1.0,True,False,False,5,2020-01-03,2021-12-31,2022-01-03,2022-07-05
BAC,JPM,-3.4983645706458977,0.28743190466800195,0.8423661318746833,1.0,True,False,False,5,2020-01-03,2021-12-31,2022-01-03,2022-07-05
BAC,MS,8.360912736521687,0.3574279315049924,0.19581313671395356,1.0,True,False,False,5,2020-01-03,2021-12-31,2022-01-03,2022-07-05
BAC,PNC,1.46719171272729,0.22022546763090586,0.13809373459969948,1.0,True,False,False,5,2020-01-03,2021-12-31,2022-01-03,2022-07-05
BAC,TFC,-4.16341846999169,0.8566272174766161,0.5355324781570933,1.0,True,False,False,5,2020-01-03,2021-12-31,2022-01-03,2022-07-05
BAC,USB,-4.454965903375037,0.8640488498522935,0.5142045261572274,1.0,True,False,False,5,2020-01-03,2021-12-31,2022-01-03,2022-07-05
BAC,WFC,4.3817107464742815,0.7714466028663736,0.12645594636781737,1.0,True,False,False,5,2020-01-03,2021-12-31,2022-01-03,2022-07-05
BK,C,8.51844268175968,0.5877302859189297,0.9879678197405592,1.0,True,False,False,5,2020-01-03,2021-12-31,2022-01-03,2022-07-05
BK,GS,15.867929065158147,0.08998572285783699,0.015078776493356014,0.6785449422010207,True,False,False,5,2020-01-03,2021-12-31,2022-01-03,2022-07-05
BK,JPM,7.343012939731644,0.27218954071919865,0.6022232575219367,1.0,True,False,False,5,2020-01-03,2021-12-31,2022-01-03,2022-07-05
BK,MS,18.160262396519897,0.34534228013413004,0.024304203090129973,1.0,True,False,False,5,2020-01-03,2021-12-31,2022-01-03,2022-07-05
BK,PNC,11.79963783049152,0.21045208818525374,0.16604182995049882,1.0,True,False,False,5,2020-01-03,2021-12-31,2022-01-03,2022-07-05
BK,TFC,6.751058468395538,0.8102482003531819,0.6660336477908713,1.0,True,False,False,5,2020-01-03,2021-12-31,2022-01-03,2022-07-05
BK,USB,6.163020658188469,0.8251311303249469,0.6538990948749861,1.0,True,False,False,5,2020-01-03,2021-12-31,2022-01-03,2022-07-05
BK,WFC,13.872054658418923,0.7587920933884047,0.2733815910275558,1.0,True,False,False,5,2020-01-03,2021-12-31,2022-01-03,2022-07-05
C,GS,24.523154965811425,0.10621759333813588,0.09436713706395256,1.0,True,False,False,5,2020-01-03,2021-12-31,2022-01-03,2022-07-05
C,JPM,10.068597302746255,0.3591307499832027,0.44397174265744405,1.0,True,False,False,5,2020-01-03,2021-12-31,2022-01-03,2022-07-05
C,MS,28.105615690563866,0.3930617286301783,0.1284698108614719,1.0,True,False,False,5,2020-01-03,2021-12-31,2022-01-03,2022-07-05
C,PNC,17.836468167074052,0.2630313704006314,0.18964803500510213,1.0,True,False,False,5,2020-01-03,2021-12-31,2022-01-03,2022-07-05
C,TFC,8.165216115856538,1.0973111610543045,0.4734112984742242,1.0,True,False,False,5,2020-01-03,2021-12-31,2022-01-03,2022-07-05
C,USB,7.178817658162847,1.1222518032041582,0.640714710570409,1.0,True,False,False,5,2020-01-03,2021-12-31,2022-01-03,2022-07-05
C,WFC,18.10601170602762,1.0186348638332094,0.8168958318258811,1.0,True,False,False,5,2020-01-03,2021-12-31,2022-01-03,2022-07-05
GS,JPM,-83.46762138877908,2.9277109216613018,0.17167120145024878,1.0,True,False,False,5,2020-01-03,2021-12-31,2022-01-03,2022-07-05
GS,MS,23.50489157481484,3.870489325270846,0.20548682474544622,1.0,True,False,False,5,2020-01-03,2021-12-31,2022-01-03,2022-07-05
GS,PNC,-34.00623261586934,2.2518230787507543,0.07276932717129157,1.0,True,False,False,5,2020-01-03,2021-12-31,2022-01-03,2022-07-05
GS,TFC,-81.51587928724462,8.505698638146812,0.1733547099653791,1.0,True,False,False,5,2020-01-03,2021-12-31,2022-01-03,2022-07-05
GS,USB,-83.74486732179811,8.562623490227033,0.07713947276078137,1.0,True,False,False,5,2020-01-03,2021-12-31,2022-01-03,2022-07-05
GS,WFC,12.636623651936969,7.3781576864524965,0.007998320912131521,0.3599244410459185,True,False,False,5,2020-01-03,2021-12-31,2022-01-03,2022-07-05
JPM,MS,42.44573385557521,1.2237993741571283,0.24973037474844206,1.0,True,False,False,5,2020-01-03,2021-12-31,2022-01-03,2022-07-05
JPM,PNC,18.606709334667308,0.7558583732964139,0.010574802527949083,0.47586611375770876,True,False,False,5,2020-01-03,2021-12-31,2022-01-03,2022-07-05
JPM,TFC,-2.6142310388101917,2.987843517317473,0.05667662315782766,1.0,True,False,False,5,2020-01-03,2021-12-31,2022-01-03,2022-07-05
JPM,USB,-2.4753423475496663,2.984626867379901,0.10063624265176685,1.0,True,False,False,5,2020-01-03,2021-12-31,2022-01-03,2022-07-05
JPM,WFC,30.543975042319367,2.5892002179906695,0.1708453834422432,1.0,True,False,False,5,2020-01-03,2021-12-31,2022-01-03,2022-07-05
MS,PNC,-13.080424564680342,0.567998416376129,0.04933308977191654,1.0,True,False,False,5,2020-01-03,2021-12-31,2022-01-03,2022-07-05
MS,TFC,-24.696564826643403,2.136215087879547,0.1425429083682732,1.0,True,False,False,5,2020-01-03,2021-12-31,2022-01-03,2022-07-05
MS,USB,-24.58956824640599,2.133721510224624,0.05576597162025166,1.0,True,False,False,5,2020-01-03,2021-12-31,2022-01-03,2022-07-05
MS,WFC,1.0767161332465152,1.7886355661557638,0.01592210455041449,0.7164947047686521,True,False,False,5,2020-01-03,2021-12-31,2022-01-03,2022-07-05
PNC,TFC,-25.57174435535584,3.889881006974644,0.26477589026622317,1.0,True,False,False,5,2020-01-03,2021-12-31,2022-01-03,2022-07-05
PNC,USB,-25.717162365010942,3.8939079314912446,0.19173162471949695,1.0,True,False,False,5,2020-01-03,2021-12-31,2022-01-03,2022-07-05
PNC,WFC,17.121493190932426,3.385284309224814,0.13896029502146756,1.0,True,False,False,5,2020-01-03,2021-12-31,2022-01-03,2022-07-05
TFC,USB,1.188265654663887,0.9701732766497169,0.21012995849033195,1.0,True,False,False,5,2020-01-03,2021-12-31,2022-01-03,2022-07-05
TFC,WFC,12.589368802972354,0.8214124370428639,0.5070873826837904,1.0,True,False,False,5,2020-01-03,2021-12-31,2022-01-03,2022-07-05
USB,WFC,10.614167625396886,0.8811062737004627,0.5185923582384786,1.0,True,False,False,5,2020-01-03,2021-12-31,2022-01-03,2022-07-05
BAC,BK,-6.047649497592342,0.9365458599968396,0.050332500334610626,1.0,True,False,False,6,2020-07-06,2022-07-05,2022-07-06,2023-01-03
BAC,C,1.9115826240893774,0.5992785582646902,0.8030485870068582,1.0,True,False,False,6,2020-07-06,2022-07-05,2022-07-06,2023-01-03
BAC,GS,3.4438726781260196,0.10343523701525181,0.687151414186068,1.0,True,False,False,6,2020-07-06,2022-07-05,2022-07-06,2023-01-03
BAC,JPM,-3.780121322906483,0.2993442704846045,0.8706744241218183,1.0,True,False,False,6,2020-07-06,2022-07-05,2022-07-06,2023-01-03
BAC,MS,4.061519305309476,0.4143997748083297,0.47539017032193065,1.0,True,False,False,6,2020-07-06,2022-07-05,2022-07-06,2023-01-03
BAC,PNC,0.07636960006066056,0.22931425459943394,0.24647743644532055,1.0,True,False,False,6,2020-07-06,2022-07-05,2022-07-06,2023-01-03
BAC,TFC,-7.693024492361555,0.9474722665640865,0.4914679509067997,1.0,True,False,False,6,2020-07-06,2022-07-05,2022-07-06,2023-01-03
BAC,USB,-7.119605485711722,0.9419172945304681,0.40675058669476843,1.0,True,False,False,6,2020-07-06,2022-07-05,2022-07-06,2023-01-03
BAC,WFC,6.917518064932226,0.7209130891098032,0.4653518552780839,1.0,True,False,False,6,2020-07-06,2022-07-05,2022-07-06,2023-01-03
BK,C,11.019237082743185,0.5917245977806775,0.8656153263383812,1.0,True,False,False,6,2020-07-06,2022-07-05,2022-07-06,2023-01-03
BK,GS,11.849398795928124,0.10449856804591001,0.4259702791507553,1.0,True,False,False,6,2020-07-06,2022-07-05,2022-07-06,2023-01-03
BK,JPM,4.849640543439799,0.30001053728958926,0.6148100977022863,1.0,True,False,False,6,2020-07-06,2022-07-05,2022-07-06,2023-01-03
BK,MS,12.00224074674149,0.4253420922112651,0.17873625760105522,1.0,True,False,False,6,2020-07-06,2022-07-05,2022-07-06,2023-01-03
BK,PNC,8.610484423672116,0.2305444939286185,0.16007817957582493,1.0,True,False,False,6,2020-07-06,2022-07-05,2022-07-06,2023-01-03
BK,TFC,0.9655514911523954,0.9487134136298144,0.17613135426034987,1.0,True,False,False,6,2020-07-06,2022-07-05,2022-07-06,2023-01-03
BK,USB,1.8021633285722434,0.9370323760611083,0.43261176269035234,1.0,True,False,False,6,2020-07-06,2022-07-05,2022-07-06,2023-01-03
BK,WFC,15.347716191187569,0.7286260265143516,0.3176796042698199,1.0,True,False,False,6,2020-07-06,2022-07-05,2022-07-06,2023-01-03
C,GS,20.435465891633037,0.11061912002753388,0.9238937249163837,1.0,True,False,False,6,2020-07-06,2022-07-05,2022-07-06,2023-01-03
C,JPM,7.365464387490171,0.36330143321806263,0.6024799941195318,1.0,True,False,False,6,2020-07-06,2022-07-05,2022-07-06,2023-01-03
C,MS,24.549076731140715,0.39420738542119005,0.9356616127901183,1.0,True,False,False,6,2020-07-06,2022-07-05,2022-07-06,2023-01-03
C,PNC,20.42582183713542,0.2204353647501321,0.9252997056471315,1.0,True,False,False,6,2020-07-06,2022-07-05,2022-07-06,2023-01-03
C,TFC,10.301478483281162,0.9721992950501013,0.8960048754147236,1.0,True,False,False,6,2020-07-06,2022-07-05,2022-07-06,2023-01-03
C,USB,9.936882672380843,0.9887179336556039,0.8894282327086769,1.0,True,False,False,6,2020-07-06,2022-07-05,2022-07-06,2023-01-03
C,WFC,30.452949105287182,0.5986329080609538,0.9469059411173754,1.0,True,False,False,6,2020-07-06,2022-07-05,2022-07-06,2023-01-03
GS,JPM,-63.07181676475793,2.8393520623711024,0.710141286578704,1.0,True,False,False,6,2020-07-06,2022-07-05,2022-07-06,2023-01-03
GS,MS,16.939459114708306,3.8508122909288294,0.40181757567234666,1.0,True,False,False,6,2020-07-06,2022-07-05,2022-07-06,2023-01-03
GS,PNC,-7.447285989677876,2.0435726458663948,0.2751304206775743,1.0,True,False,False,6,2020-07-06,2022-07-05,2022-07-06,2023-01-03
GS,TFC,-66.33507094948739,8.204212931851863,0.4479063758817231,1.0,True,False,False,6,2020-07-06,2022-07-05,2022-07-06,2023-01-03
GS,USB,-77.63327308070726,8.535292474232492,0.11214813390567291,1.0,True,False,False,6,2020-07-06,2022-07-05,2022-07-06,2023-01-03
GS,WFC,60.863486599458184,6.223690535975502,0.5894311859651093,1.0,True,False,False,6,2020-07-06,2022-07-05,2022-07-06,2023-01-03
JPM,MS,37.55947263765219,1.2231950345014178,0.7589963098221673,1.0,True,False,False,6,2020-07-06,2022-07-05,2022-07-06,2023-01-03
JPM,PNC,25.762103258183398,0.6771099439198609,0.9121963609325878,1.0,True,False,False,6,2020-07-06,2022-07-05,2022-07-06,2023-01-03
JPM,TFC,-0.6640043260281658,2.8782446570037967,0.7258982766351092,1.0,True,False,False,6,2020-07-06,2022-07-05,2022-07-06,2023-01-03
JPM,USB,0.29341764920966973,2.879660614387236,0.7556024625968203,1.0,True,False,False,6,2020-07-06,2022-07-05,2022-07-06,2023-01-03
JPM,WFC,52.747996124888736,1.9431243793434345,0.8922064753899215,1.0,True,False,False,6,2020-07-06,2022-07-05,2022-07-06,2023-01-03
MS,PNC,-5.332969760145232,0.5237804770646337,0.07487425145820636,1.0,True,False,False,6,2020-07-06,2022-07-05,2022-07-06,2023-01-03
MS,TFC,-19.56532558377082,2.0828824092531044,0.4367516468619695,1.0,True,False,False,6,2020-07-06,2022-07-05,2022-07-06,2023-01-03
MS,USB,-21.202524635180087,2.1382318799738416,0.3123005927052729,1.0,True,False,False,6,2020-07-06,2022-07-05,2022-07-06,2023-01-03
MS,WFC,10.315287043323519,1.646040322936537,0.26316191427860913,1.0,True,False,False,6,2020-07-06,2022-07-05,2022-07-06,2023-01-03
PNC,TFC,-33.031862962262664,4.112128154656219,0.2884101165856062,1.0,True,False,False,6,2020-07-06,2022-07-05,2022-07-06,2023-01-03
PNC,USB,-31.318760266966414,4.106101890519881,0.07032174112834727,1.0,True,False,False,6,2020-07-06,2022-07-05,2022-07-06,2023-01-03
PNC,WFC,32.270285610813204,3.077130119630537,0.16757835082851946,1.0,True,False,False,6,2020-07-06,2022-07-05,2022-07-06,2023-01-03
TFC,USB,2.7116426571212626,0.945025879347788,0.3212710755614401,1.0,True,False,False,6,2020-07-06,2022-07-05,2022-07-06,2023-01-03
TFC,WFC,18.363078968070813,0.6804143185936431,0.37038533804978135,1.0,True,False,False,6,2020-07-06,2022-07-05,2022-07-06,2023-01-03
USB,WFC,16.78824955801553,0.7138060578092389,0.47983256447062045,1.0,True,False,False,6,2020-07-06,2022-07-05,2022-07-06,2023-01-03
BAC,BK,1.2874661493042598,0.7805353934921233,0.11404148291203858,1.0,True,False,False,7,2021-01-04,2023-01-03,2023-01-04,2023-07-06
BAC,C,18.751729069337586,0.31748054546067606,0.466841707802247,1.0,True,False,False,7,2021-01-04,2023-01-03,2023-01-04,2023-07-06
BAC,GS,3.2954281391867037,0.1005980413553102,0.8946235328746744,1.0,True,False,False,7,2021-01-04,2023-01-03,2023-01-04,2023-07-06
BAC,JPM,5.299046965503325,0.2337519127551987,0.7628767830085674,1.0,True,False,False,7,2021-01-04,2023-01-03,2023-01-04,2023-07-06
BAC,MS,2.1821929357937178,0.42509334956000644,0.7450378073683385,1.0,True,False,False,7,2021-01-04,2023-01-03,2023-01-04,2023-07-06
BAC,PNC,-7.842558489829109,0.2779324139153748,0.00732600406871037,0.32967018309196666,True,False,False,7,2021-01-04,2023-01-03,2023-01-04,2023-07-06
BAC,TFC,-0.2268296683173021,0.7958760970353129,0.3968911853751142,1.0,True,False,False,7,2021-01-04,2023-01-03,2023-01-04,2023-07-06
BAC,USB,-0.8898647424478964,0.8146305246564735,0.3367725345250464,1.0,True,False,False,7,2021-01-04,2023-01-03,2023-01-04,2023-07-06
BAC,WFC,5.571739377549255,0.7272898111152044,0.7256470954374306,1.0,False,False,False,7,2021-01-04,2023-01-03,2023-01-04,2023-07-06
BK,C,24.468085297694227,0.36683738434706487,0.6703949922300119,1.0,True,False,False,7,2021-01-04,2023-01-03,2023-01-04,2023-07-06
BK,GS,4.319016136313929,0.12341164231236038,0.6295683541576702,1.0,True,False,False,7,2021-01-04,2023-01-03,2023-01-04,2023-07-06
BK,JPM,8.037861633291186,0.27697230401562284,0.68195753050411,1.0,True,False,False,7,2021-01-04,2023-01-03,2023-01-04,2023-07-06
BK,MS,0.7390813745308664,0.5498281894232258,0.31733990064816625,1.0,True,False,False,7,2021-01-04,2023-01-03,2023-01-04,2023-07-06
BK,PNC,-7.7624323967192,0.3307922907545964,0.009432162911824346,0.4244473310320956,True,False,False,7,2021-01-04,2023-01-03,2023-01-04,2023-07-06
BK,TFC,2.123034385455222,0.9288984305568673,0.6763433593584798,1.0,True,False,False,7,2021-01-04,2023-01-03,2023-01-04,2023-07-06
BK,USB,1.2641548106293896,0.9526958697533404,0.6119748337017898,1.0,True,False,False,7,2021-01-04,2023-01-03,2023-01-04,2023-07-06
BK,WFC,8.924193486211776,0.8480339171212616,0.5091978394431652,1.0,False,False,False,7,2021-01-04,2023-01-03,2023-01-04,2023-07-06
C,GS,13.044040105748493,0.12346736636877945,0.962001682590768,1.0,True,False,False,7,2021-01-04,2023-01-03,2023-01-04,2023-07-06
C,JPM,-7.767451495311921,0.46757566361831726,0.8859104357316834,1.0,True,False,False,7,2021-01-04,2023-01-03,2023-01-04,2023-07-06
C,MS,26.58664297324991,0.3309646918181808,0.9422491862364515,1.0,True,False,False,7,2021-01-04,2023-01-03,2023-01-04,2023-07-06
C,PNC,0.5722169461739615,0.3334153936417028,0.8518625459671387,1.0,True,False,False,7,2021-01-04,2023-01-03,2023-01-04,2023-07-06
C,TFC,-6.685770518499339,1.320940268319965,0.5831979437156725,1.0,True,False,False,7,2021-01-04,2023-01-03,2023-01-04,2023-07-06
C,USB,-9.994724853605849,1.4016376584441563,0.6403407769696936,1.0,True,False,False,7,2021-01-04,2023-01-03,2023-01-04,2023-07-06
C,WFC,42.25559271890589,0.24858808522242215,0.917617099453611,1.0,False,False,False,7,2021-01-04,2023-01-03,2023-01-04,2023-07-06
GS,JPM,115.18686515877474,1.5839027279496822,0.24106994176485186,1.0,True,False,False,7,2021-01-04,2023-01-03,2023-01-04,2023-07-06
GS,MS,42.2793854206812,3.54308030729079,0.40487459134869797,1.0,True,False,False,7,2021-01-04,2023-01-03,2023-01-04,2023-07-06
GS,PNC,81.97133938960448,1.5244575433844239,0.4381832917104398,1.0,True,False,False,7,2021-01-04,2023-01-03,2023-01-04,2023-07-06
GS,TFC,167.06402757318392,3.3977473845544233,0.4120553953941789,1.0,True,False,False,7,2021-01-04,2023-01-03,2023-01-04,2023-07-06
GS,USB,133.37462021707466,4.170444988198706,0.34935109233305506,1.0,True,False,False,7,2021-01-04,2023-01-03,2023-01-04,2023-07-06
GS,WFC,143.25986479442017,4.288769348369749,0.5229500785236915,1.0,False,False,False,7,2021-01-04,2023-01-03,2023-01-04,2023-07-06
JPM,MS,41.02504595328509,1.1230159084418214,0.7486060269808519,1.0,True,False,False,7,2021-01-04,2023-01-03,2023-01-04,2023-07-06
JPM,PNC,6.480948234860959,0.7860473133784787,0.8307421423502848,1.0,True,False,False,7,2021-01-04,2023-01-03,2023-01-04,2023-07-06
JPM,TFC,16.505149518706375,2.5080888715755076,0.8502802951325547,1.0,True,False,False,7,2021-01-04,2023-01-03,2023-01-04,2023-07-06
JPM,USB,8.852159993909849,2.692065254344456,0.8323545910102466,1.0,True,False,False,7,2021-01-04,2023-01-03,2023-01-04,2023-07-06
JPM,WFC,76.8683897002312,1.2658387094760057,0.8471939798680495,1.0,False,False,False,7,2021-01-04,2023-01-03,2023-01-04,2023-07-06
MS,PNC,13.631602040177645,0.4146534436505005,0.2625573149294004,1.0,True,False,False,7,2021-01-04,2023-01-03,2023-01-04,2023-07-06
MS,TFC,37.788226941868764,0.901599282377894,0.48327464340332155,1.0,True,False,False,7,2021-01-04,2023-01-03,2023-01-04,2023-07-06
MS,USB,32.05080336781584,1.0347637552984212,0.4557262637362017,1.0,True,False,False,7,2021-01-04,2023-01-03,2023-01-04,2023-07-06
MS,WFC,22.767691130752223,1.3502301030666586,0.30788233781877283,1.0,False,False,False,7,2021-01-04,2023-01-03,2023-01-04,2023-07-06
PNC,TFC,27.94079193804353,2.8515110229151874,0.3242988655209729,1.0,True,False,False,7,2021-01-04,2023-01-03,2023-01-04,2023-07-06
PNC,USB,24.39472681420824,2.944977675848449,0.17124678697281692,1.0,True,False,False,7,2021-01-04,2023-01-03,2023-01-04,2023-07-06
PNC,WFC,53.4553177652548,2.4902420376298826,0.5317085542451316,1.0,False,False,False,7,2021-01-04,2023-01-03,2023-01-04,2023-07-06
TFC,USB,3.0958318904999986,0.9353791336848697,0.34057179354165706,1.0,True,False,False,7,2021-01-04,2023-01-03,2023-01-04,2023-07-06
TFC,WFC,21.87463700199622,0.558160521648164,0.8650519819518782,1.0,False,False,False,7,2021-01-04,2023-01-03,2023-01-04,2023-07-06
USB,WFC,21.066760319719954,0.5725708720129927,0.9111484639864125,1.0,False,False,False,7,2021-01-04,2023-01-03,2023-01-04,2023-07-06
BAC,BK,-2.9468150113082636,0.8421106960372733,0.7425974478844953,1.0,True,False,False,8,2021-07-06,2023-07-06,2023-07-07,2024-01-04
BAC,C,6.842502877610336,0.5628924250532827,0.7411640098582329,1.0,True,False,False,8,2021-07-06,2023-07-06,2023-07-07,2024-01-04
BAC,GS,-2.005474105445748,0.11168301820738549,0.9130633131845902,1.0,True,False,False,8,2021-07-06,2023-07-06,2023-07-07,2024-01-04
BAC,JPM,5.507652238585926,0.22400652858286965,0.9930005470813318,1.0,True,False,False,8,2021-07-06,2023-07-06,2023-07-07,2024-01-04
BAC,MS,-5.301485460005775,0.48590037530101915,0.8377038143729683,1.0,True,False,False,8,2021-07-06,2023-07-06,2023-07-07,2024-01-04
BAC,PNC,-0.5498312992088421,0.23282346810791898,0.05716207060491794,1.0,True,False,False,8,2021-07-06,2023-07-06,2023-07-07,2024-01-04
BAC,TFC,7.844055392706519,0.63442005574891,0.20958329123470942,1.0,True,False,False,8,2021-07-06,2023-07-06,2023-07-07,2024-01-04
BAC,USB,5.308368654964694,0.688621056434678,0.31866524323109724,1.0,True,False,False,8,2021-07-06,2023-07-06,2023-07-07,2024-01-04
BAC,WFC,-14.297317365511722,1.1575357808904951,0.24449455687436356,1.0,True,False,False,8,2021-07-06,2023-07-06,2023-07-07,2024-01-04
BK,C,16.0656353835512,0.5767267131678282,0.31242577093011736,1.0,True,False,False,8,2021-07-06,2023-07-06,2023-07-07,2024-01-04
BK,GS,1.6282611477582842,0.13104391961458683,0.608686242355283,1.0,True,False,False,8,2021-07-06,2023-07-06,2023-07-07,2024-01-04
BK,JPM,6.105156015906106,0.2968289713413169,0.6643866631514197,1.0,True,False,False,8,2021-07-06,2023-07-06,2023-07-07,2024-01-04
BK,MS,-9.887012431375947,0.6644444760688245,0.12986450337187994,1.0,True,False,False,8,2021-07-06,2023-07-06,2023-07-07,2024-01-04
BK,PNC,15.26228139153719,0.19305321635131664,0.6973494032062774,1.0,True,False,False,8,2021-07-06,2023-07-06,2023-07-07,2024-01-04
BK,TFC,22.36489900628569,0.5226059409022347,0.7530816888483012,1.0,True,False,False,8,2021-07-06,2023-07-06,2023-07-07,2024-01-04
BK,USB,19.757713052209574,0.5796524864265646,0.6054969957067549,1.0,True,False,False,8,2021-07-06,2023-07-06,2023-07-07,2024-01-04
BK,WFC,-1.4519775544271911,1.0869276262425096,0.341635713586277,1.0,True,False,False,8,2021-07-06,2023-07-06,2023-07-07,2024-01-04
C,GS,-12.087280796776737,0.18717653529396144,0.5045106027785942,1.0,True,False,False,8,2021-07-06,2023-07-06,2023-07-07,2024-01-04
C,JPM,-2.475214404354986,0.39876938378889143,0.9388231589019589,1.0,True,False,False,8,2021-07-06,2023-07-06,2023-07-07,2024-01-04
C,MS,-17.425408242254022,0.8120587508077509,0.3425763835919348,1.0,True,False,False,8,2021-07-06,2023-07-06,2023-07-07,2024-01-04
C,PNC,8.580184161548203,0.267729540754292,0.6455237969157048,1.0,True,False,False,8,2021-07-06,2023-07-06,2023-07-07,2024-01-04
C,TFC,18.575982979314713,0.7212370282496019,0.6658205182870276,1.0,True,False,False,8,2021-07-06,2023-07-06,2023-07-07,2024-01-04
C,USB,12.612830414304309,0.8565283151204999,0.6990917954609785,1.0,True,False,False,8,2021-07-06,2023-07-06,2023-07-07,2024-01-04
C,WFC,-0.4134558434107357,1.1680889560677792,0.47327212081331027,1.0,True,False,False,8,2021-07-06,2023-07-06,2023-07-07,2024-01-04
GS,JPM,112.66651942594694,1.6501088755234892,0.4665494756152762,1.0,True,False,False,8,2021-07-06,2023-07-06,2023-07-07,2024-01-04
GS,MS,17.054765377041065,3.776465300794147,0.10312418377131732,1.0,True,False,False,8,2021-07-06,2023-07-06,2023-07-07,2024-01-04
GS,PNC,213.14982825735424,0.7400917195056409,0.39144772469819733,1.0,True,False,False,8,2021-07-06,2023-07-06,2023-07-07,2024-01-04
GS,TFC,247.98205716774555,1.819756753925271,0.35410785180623827,1.0,True,False,False,8,2021-07-06,2023-07-06,2023-07-07,2024-01-04
GS,USB,232.53229183117924,2.170775541234016,0.34845189934694853,1.0,True,False,False,8,2021-07-06,2023-07-06,2023-07-07,2024-01-04
GS,WFC,159.77132691022325,3.9110130504085086,0.4849519002153439,1.0,True,False,False,8,2021-07-06,2023-07-06,2023-07-07,2024-01-04
JPM,MS,-19.38277457163042,1.8131110778588964,0.279634485976233,1.0,True,False,False,8,2021-07-06,2023-07-06,2023-07-07,2024-01-04
JPM,PNC,76.33103412258833,0.3447951419758185,0.929660743641455,1.0,True,False,False,8,2021-07-06,2023-07-06,2023-07-07,2024-01-04
JPM,TFC,93.96384261684494,0.8138415081156323,0.8365603551272968,1.0,True,False,False,8,2021-07-06,2023-07-06,2023-07-07,2024-01-04
JPM,USB,85.04595410643569,1.0188583998189027,0.8768700613849798,1.0,True,False,False,8,2021-07-06,2023-07-06,2023-07-07,2024-01-04
JPM,WFC,43.81891094949019,2.0048893960310274,0.8024598568939729,1.0,True,False,False,8,2021-07-06,2023-07-06,2023-07-07,2024-01-04
MS,PNC,56.21518664126799,0.16715249983907993,0.16918735995731193,1.0,True,False,False,8,2021-07-06,2023-07-06,2023-07-07,2024-01-04
MS,TFC,63.088174540951044,0.4350155753983792,0.23468711746214638,1.0,True,False,False,8,2021-07-06,2023-07-06,2023-07-07,2024-01-04
MS,USB,59.96712456860659,0.5052413431547438,0.1993309036666842,1.0,True,False,False,8,2021-07-06,2023-07-06,2023-07-07,2024-01-04
MS,WFC,35.17374150293793,1.0982250138660339,0.3250832853576298,1.0,True,False,False,8,2021-07-06,2023-07-06,2023-07-07,2024-01-04
PNC,TFC,34.790499102567026,2.755391241146271,0.021884256760457913,0.984791554220606,True,False,False,8,2021-07-06,2023-07-06,2023-07-07,2024-01-04
PNC,USB,22.590094844404025,3.0191955825008248,0.05532634526314822,1.0,True,False,False,8,2021-07-06,2023-07-06,2023-07-07,2024-01-04
PNC,WFC,-37.20198165257099,4.449276309436195,0.5360231287862172,1.0,True,False,False,8,2021-07-06,2023-07-06,2023-07-07,2024-01-04
TFC,USB,-4.058434319856447,1.0869066103280567,0.043630104291691924,1.0,True,False,False,8,2021-07-06,2023-07-06,2023-07-07,2024-01-04
TFC,WFC,-23.770534002290297,1.5583736562302768,0.6628287154375456,1.0,True,False,False,8,2021-07-06,2023-07-06,2023-07-07,2024-01-04
USB,WFC,-11.743358473428863,1.2808799336494983,0.7319368243704251,1.0,True,False,False,8,2021-07-06,2023-07-06,2023-07-07,2024-01-04
BAC,BK,0.7439722820576298,0.7193998803777786,0.812120877500786,1.0,True,False,False,9,2022-01-03,2024-01-04,2024-01-05,2024-07-08
BAC,C,-5.682505414907392,0.8411321713063713,0.7389114678029298,1.0,True,False,False,9,2022-01-03,2024-01-04,2024-01-05,2024-07-08
BAC,GS,10.186992818226276,0.06743777271723526,0.6346113689340701,1.0,False,False,False,9,2022-01-03,2024-01-04,2024-01-05,2024-07-08
BAC,JPM,30.06518819500971,0.010356017371714632,0.21050522056558524,1.0,True,False,False,9,2022-01-03,2024-01-04,2024-01-05,2024-07-08
BAC,MS,1.9320056285810625,0.373182955132584,0.5733505985315822,1.0,False,False,False,9,2022-01-03,2024-01-04,2024-01-05,2024-07-08
BAC,PNC,2.1967850685330736,0.21406713668909777,0.06608297271283099,1.0,True,False,False,9,2022-01-03,2024-01-04,2024-01-05,2024-07-08
BAC,TFC,12.285544901697556,0.5243980114913255,0.09397159876211575,1.0,True,False,False,9,2022-01-03,2024-01-04,2024-01-05,2024-07-08
BAC,USB,5.570626438936841,0.6783739149598007,0.11894142646346606,1.0,True,False,False,9,2022-01-03,2024-01-04,2024-01-05,2024-07-08
BAC,WFC,-10.54466360441549,1.0152712332012257,0.5145068845129072,1.0,False,False,False,9,2022-01-03,2024-01-04,2024-01-05,2024-07-08
BK,C,8.388535380120167,0.7761782744961054,0.4164399928957585,1.0,True,False,False,9,2022-01-03,2024-01-04,2024-01-05,2024-07-08
BK,GS,5.208013263197521,0.11892931519260672,0.5241005985677316,1.0,False,False,False,9,2022-01-03,2024-01-04,2024-01-05,2024-07-08
BK,JPM,18.709365185720735,0.1870843506123434,0.21739502009018385,1.0,True,False,False,9,2022-01-03,2024-01-04,2024-01-05,2024-07-08
BK,MS,-0.25257905175870254,0.5428646262475529,0.3089477488564158,1.0,False,False,False,9,2022-01-03,2024-01-04,2024-01-05,2024-07-08
BK,PNC,24.922272298178214,0.12960771953087297,0.7805509731608127,1.0,True,False,False,9,2022-01-03,2024-01-04,2024-01-05,2024-07-08
BK,TFC,32.28774231572614,0.28298529804329187,0.7710016643984254,1.0,True,False,False,9,2022-01-03,2024-01-04,2024-01-05,2024-07-08
BK,USB,25.97631255293101,0.43670252564252676,0.5351683272168424,1.0,True,False,False,9,2022-01-03,2024-01-04,2024-01-05,2024-07-08
BK,WFC,3.169713136614935,0.9545964963265556,0.13584794167480496,1.0,False,False,False,9,2022-01-03,2024-01-04,2024-01-05,2024-07-08
C,GS,16.68273689467732,0.08712252240280435,0.6078216466950547,1.0,False,False,False,9,2022-01-03,2024-01-04,2024-01-05,2024-07-08
C,JPM,34.61144594710982,0.07409299899826172,0.43928931711995617,1.0,True,False,False,9,2022-01-03,2024-01-04,2024-01-05,2024-07-08
C,MS,4.537439315514553,0.5008730700408419,0.5150750466261808,1.0,False,False,False,9,2022-01-03,2024-01-04,2024-01-05,2024-07-08
C,PNC,19.014634084845124,0.18375220767018913,0.455447180366669,1.0,True,False,False,9,2022-01-03,2024-01-04,2024-01-05,2024-07-08
C,TFC,27.86554617070947,0.4448961420674087,0.5355143632109965,1.0,True,False,False,9,2022-01-03,2024-01-04,2024-01-05,2024-07-08
C,USB,21.857103817968294,0.583714695038122,0.4995477013119794,1.0,True,False,False,9,2022-01-03,2024-01-04,2024-01-05,2024-07-08
C,WFC,2.9182855100091274,0.9964121423478016,0.14867987064304689,1.0,False,False,False,9,2022-01-03,2024-01-04,2024-01-05,2024-07-08
GS,JPM,181.98214241883238,1.036893415120066,0.08722741036565934,1.0,False,False,False,9,2022-01-03,2024-01-04,2024-01-05,2024-07-08
GS,MS,77.49869544702673,3.0010242666139346,0.36116423838284734,1.0,False,False,False,9,2022-01-03,2024-01-04,2024-01-05,2024-07-08
GS,PNC,276.5603559268137,0.27727549148906283,0.29089133876278944,1.0,False,False,False,9,2022-01-03,2024-01-04,2024-01-05,2024-07-08
GS,TFC,302.0277718255297,0.33883328195576723,0.1966083651432003,1.0,False,False,False,9,2022-01-03,2024-01-04,2024-01-05,2024-07-08
GS,USB,284.7420178267961,0.7785240277201388,0.23915881104282877,1.0,False,False,False,9,2022-01-03,2024-01-04,2024-01-05,2024-07-08
GS,WFC,169.7191073618962,3.5023326652052775,0.22465594493075758,1.0,False,False,False,9,2022-01-03,2024-01-04,2024-01-05,2024-07-08
JPM,MS,27.619736352426855,1.2676749855196254,0.9598089766850246,1.0,False,False,False,9,2022-01-03,2024-01-04,2024-01-05,2024-07-08
JPM,PNC,140.23964148654815,-0.09212265937412155,0.9115937096603433,1.0,True,False,False,9,2022-01-03,2024-01-04,2024-01-05,2024-07-08
JPM,TFC,146.6195455768161,-0.520007348179184,0.8282592609641638,1.0,True,False,False,9,2022-01-03,2024-01-04,2024-01-05,2024-07-08
JPM,USB,138.6103213141065,-0.28727303857203645,0.9217796985202165,1.0,True,False,False,9,2022-01-03,2024-01-04,2024-01-05,2024-07-08
JPM,WFC,60.15768202771012,1.634811138123995,0.9795340102884803,1.0,False,False,False,9,2022-01-03,2024-01-04,2024-01-05,2024-07-08
MS,PNC,62.98372602366322,0.11694233816785128,0.17923267049812708,1.0,False,False,False,9,2022-01-03,2024-01-04,2024-01-05,2024-07-08
MS,TFC,69.93078061946704,0.2470589944223193,0.14529958185756803,1.0,False,False,False,9,2022-01-03,2024-01-04,2024-01-05,2024-07-08
MS,USB,64.60536858451385,0.37640646722358323,0.23594309607806857,1.0,False,False,False,9,2022-01-03,2024-01-04,2024-01-05,2024-07-08
MS,WFC,35.38830767660926,1.054248945968795,0.2140185711187318,1.0,False,False,False,9,2022-01-03,2024-01-04,2024-01-05,2024-07-08
PNC,TFC,45.77323607647821,2.48690753768952,0.007605325412900249,0.34223964358051123,True,False,False,9,2022-01-03,2024-01-04,2024-01-05,2024-07-08
PNC,USB,14.99734133141067,3.18903494343581,0.023140250033181674,1.0,True,False,False,9,2022-01-03,2024-01-04,2024-01-05,2024-07-08
PNC,WFC,-31.340060725319816,4.060450143672411,0.5671253820642457,1.0,False,False,False,9,2022-01-03,2024-01-04,2024-01-05,2024-07-08
TFC,USB,-10.691189975402683,1.2380805783795168,0.5700462186513968,1.0,True,False,False,9,2022-01-03,2024-01-04,2024-01-05,2024-07-08
TFC,WFC,-20.649819648171373,1.3819426350660158,0.903123287299997,1.0,False,False,False,9,2022-01-03,2024-01-04,2024-01-05,2024-07-08
USB,WFC,-10.098586616712483,1.1659534658722572,0.6868208200282231,1.0,False,False,False,9,2022-01-03,2024-01-04,2024-01-05,2024-07-08
BAC,BK,11.419757933444838,0.43587060602847605,0.6600327566766161,1.0,True,False,False,10,2022-07-06,2024-07-08,2024-07-09,2025-01-06
BAC,C,9.74411415777189,0.4623346919723438,0.4920111719621241,1.0,True,False,False,10,2022-07-06,2024-07-08,2024-07-09,2025-01-06
BAC,GS,6.972776899025309,0.07072478393367843,0.33073556220767963,1.0,True,False,False,10,2022-07-06,2024-07-08,2024-07-09,2025-01-06
BAC,JPM,19.363538121355855,0.08151789502203195,0.7712523126720563,1.0,True,False,False,10,2022-07-06,2024-07-08,2024-07-09,2025-01-06
BAC,MS,-2.6197436351771817,0.41391357215489505,0.5353164727065045,1.0,True,False,False,10,2022-07-06,2024-07-08,2024-07-09,2025-01-06
BAC,PNC,2.2028452977648625,0.21729805112775835,0.888156965251549,1.0,True,False,False,10,2022-07-06,2024-07-08,2024-07-09,2025-01-06
BAC,TFC,16.163021969138804,0.44195395130397885,0.9430370020719502,1.0,True,False,False,10,2022-07-06,2024-07-08,2024-07-09,2025-01-06
BAC,USB,8.774900963832923,0.6111492675984342,0.960964531678254,1.0,True,False,False,10,2022-07-06,2024-07-08,2024-07-09,2025-01-06
BAC,WFC,10.183999971752545,0.47549430889499106,0.5350661332875828,1.0,True,False,False,10,2022-07-06,2024-07-08,2024-07-09,2025-01-06
BK,C,5.60588248088221,0.8550964693767922,0.4461500810540669,1.0,True,False,False,10,2022-07-06,2024-07-08,2024-07-09,2025-01-06
BK,GS,0.36352799066523156,0.13115043694751904,0.2395550790699716,1.0,True,False,False,10,2022-07-06,2024-07-08,2024-07-09,2025-01-06
BK,JPM,14.058888970253253,0.2162265408068852,0.36604881265342826,1.0,True,False,False,10,2022-07-06,2024-07-08,2024-07-09,2025-01-06
BK,MS,-15.40025366136575,0.7426234709205165,0.4589900334948807,1.0,True,False,False,10,2022-07-06,2024-07-08,2024-07-09,2025-01-06
BK,PNC,15.388222715261827,0.22279055862996477,0.8915077569913263,1.0,True,False,False,10,2022-07-06,2024-07-08,2024-07-09,2025-01-06
BK,TFC,38.62977786406563,0.1870428287805629,0.9679526389671014,1.0,True,False,False,10,2022-07-06,2024-07-08,2024-07-09,2025-01-06
BK,USB,21.95359892808159,0.6313500082116923,0.9782436190705104,1.0,True,False,False,10,2022-07-06,2024-07-08,2024-07-09,2025-01-06
BK,WFC,7.371348144201255,0.8576843697794587,0.4150914308117466,1.0,True,False,False,10,2022-07-06,2024-07-08,2024-07-09,2025-01-06
C,GS,-1.1812169127076344,0.13880178688359446,0.19014146455034903,1.0,True,False,False,10,2022-07-06,2024-07-08,2024-07-09,2025-01-06
C,JPM,16.65971158644117,0.2053830896993613,0.7871350681710196,1.0,True,False,False,10,2022-07-06,2024-07-08,2024-07-09,2025-01-06
C,MS,-19.012951548592223,0.8000885679665067,0.5008148301229678,1.0,True,False,False,10,2022-07-06,2024-07-08,2024-07-09,2025-01-06
C,PNC,7.157105927155375,0.2928704666177766,0.9219528554225803,1.0,True,False,False,10,2022-07-06,2024-07-08,2024-07-09,2025-01-06
C,TFC,32.111755135602955,0.41269598952915626,0.9846687582929693,1.0,True,False,False,10,2022-07-06,2024-07-08,2024-07-09,2025-01-06
C,USB,18.53460092504905,0.7543846328822726,0.9866816284486333,1.0,True,False,False,10,2022-07-06,2024-07-08,2024-07-09,2025-01-06
C,WFC,5.029044516909705,0.9352885577027206,0.12630217308250646,1.0,True,False,False,10,2022-07-06,2024-07-08,2024-07-09,2025-01-06
GS,JPM,131.98301101318307,1.4555190927691215,0.668745150963944,1.0,True,False,False,10,2022-07-06,2024-07-08,2024-07-09,2025-01-06
GS,MS,-121.92845088299123,5.68371042239065,0.5581135891086443,1.0,True,False,False,10,2022-07-06,2024-07-08,2024-07-09,2025-01-06
GS,PNC,102.54838694495561,1.7894057494048698,0.8836406894200372,1.0,True,False,False,10,2022-07-06,2024-07-08,2024-07-09,2025-01-06
GS,TFC,274.7963283202823,1.9321196005652208,0.9714805595203934,1.0,True,False,False,10,2022-07-06,2024-07-08,2024-07-09,2025-01-06
GS,USB,183.13810795342397,4.3045813507270605,0.9678751041209983,1.0,True,False,False,10,2022-07-06,2024-07-08,2024-07-09,2025-01-06
GS,WFC,66.12796835910459,6.2496239030715905,0.20330312636595915,1.0,True,False,False,10,2022-07-06,2024-07-08,2024-07-09,2025-01-06
JPM,MS,-85.71569060833193,2.8122788931038576,0.7683969391711056,1.0,True,False,False,10,2022-07-06,2024-07-08,2024-07-09,2025-01-06
JPM,PNC,72.68578841468565,0.5281522157539799,0.9709427467586996,1.0,True,False,False,10,2022-07-06,2024-07-08,2024-07-09,2025-01-06
JPM,TFC,166.4436325763464,-0.7087404401085773,0.984575570058756,1.0,True,False,False,10,2022-07-06,2024-07-08,2024-07-09,2025-01-06
JPM,USB,104.51640709135097,1.0492500755838412,0.9866621313164669,1.0,True,False,False,10,2022-07-06,2024-07-08,2024-07-09,2025-01-06
JPM,WFC,-12.818957223521968,3.5527925757919316,0.7424625622192963,1.0,True,False,False,10,2022-07-06,2024-07-08,2024-07-09,2025-01-06
MS,PNC,50.040709822875186,0.23523349685608808,0.29973105847800585,1.0,True,False,False,10,2022-07-06,2024-07-08,2024-07-09,2025-01-06
MS,TFC,68.62301440916761,0.3750250307922163,0.4543884318437226,1.0,True,False,False,10,2022-07-06,2024-07-08,2024-07-09,2025-01-06
MS,USB,56.05100384370195,0.6919658586584103,0.46253846152690314,1.0,True,False,False,10,2022-07-06,2024-07-08,2024-07-09,2025-01-06
MS,WFC,48.66903180326358,0.7435097191297868,0.18480288912113785,1.0,True,False,False,10,2022-07-06,2024-07-08,2024-07-09,2025-01-06
PNC,TFC,50.83283564102804,2.4335429384174425,0.7862242536940607,1.0,True,False,False,10,2022-07-06,2024-07-08,2024-07-09,2025-01-06
PNC,USB,20.107301881517287,3.091333212381398,0.3791925169170047,1.0,True,False,False,10,2022-07-06,2024-07-08,2024-07-09,2025-01-06
PNC,WFC,70.03579543380722,1.4271400040899254,0.7003155964712058,1.0,True,False,False,10,2022-07-06,2024-07-08,2024-07-09,2025-01-06
TFC,USB,-5.449203148048264,1.0728949395420337,0.5367561026264167,1.0,True,False,False,10,2022-07-06,2024-07-08,2024-07-09,2025-01-06
TFC,WFC,23.96204907057755,0.21921407875014814,0.572569694852562,1.0,True,False,False,10,2022-07-06,2024-07-08,2024-07-09,2025-01-06
USB,WFC,22.35411427966418,0.31991744052964904,0.5274669046619482,1.0,True,False,False,10,2022-07-06,2024-07-08,2024-07-09,2025-01-06
BAC,BK,8.411702876586645,0.4746456890140427,0.1724126862308788,1.0,True,False,False,11,2023-01-04,2025-01-06,2025-01-07,2025-07-10
BAC,C,2.526368605130624,0.6052144646610637,0.05554188546983037,1.0,True,False,False,11,2023-01-04,2025-01-06,2025-01-07,2025-07-10
BAC,GS,7.3825314357168175,0.06666773704011428,0.09320918975799408,1.0,True,False,False,11,2023-01-04,2025-01-06,2025-01-07,2025-07-10
BAC,JPM,6.911749820545012,0.1568513078836651,0.15797984535037818,1.0,True,False,False,11,2023-01-04,2025-01-06,2025-01-07,2025-07-10
BAC,MS,-0.33957934042206595,0.3776860822515542,0.756985328431438,1.0,True,False,False,11,2023-01-04,2025-01-06,2025-01-07,2025-07-10
BAC,PNC,3.244320827538515,0.21222313014345606,0.38067666100397785,1.0,True,False,False,11,2023-01-04,2025-01-06,2025-01-07,2025-07-10
BAC,TFC,3.994691679427056,0.861508042278313,0.5519490991512246,1.0,True,False,False,11,2023-01-04,2025-01-06,2025-01-07,2025-07-10
BAC,USB,0.0816889384600199,0.879448420397374,0.6473269388423506,1.0,True,False,False,11,2023-01-04,2025-01-06,2025-01-07,2025-07-10
BAC,WFC,6.174708007940386,0.5565118721697959,0.1768080407842893,1.0,True,False,False,11,2023-01-04,2025-01-06,2025-01-07,2025-07-10
BK,C,-7.15719583292069,1.172512985224657,0.4955968783011139,1.0,True,False,False,11,2023-01-04,2025-01-06,2025-01-07,2025-07-10
BK,GS,-0.28575426690319183,0.1356445843763494,0.10996844626471791,1.0,True,False,False,11,2023-01-04,2025-01-06,2025-01-07,2025-07-10
BK,JPM,-1.4861577172505822,0.3205684257073108,0.41383371014395787,1.0,True,False,False,11,2023-01-04,2025-01-06,2025-01-07,2025-07-10
BK,MS,-15.461204159060975,0.7624611581628886,0.43777602268900095,1.0,True,False,False,11,2023-01-04,2025-01-06,2025-01-07,2025-07-10
BK,PNC,-8.210074568225952,0.4283167725129622,0.004658615008726262,0.2096376753926818,True,False,False,11,2023-01-04,2025-01-06,2025-01-07,2025-07-10
BK,TFC,-3.3249457932171396,1.6401654470200207,0.4412732970378558,1.0,True,False,False,11,2023-01-04,2025-01-06,2025-01-07,2025-07-10
BK,USB,-12.86669411329483,1.7294470631693313,0.34481550584203585,1.0,True,False,False,11,2023-01-04,2025-01-06,2025-01-07,2025-07-10
BK,WFC,-0.6060603469794139,1.088704447412647,0.4023444305179613,1.0,True,False,False,11,2023-01-04,2025-01-06,2025-01-07,2025-07-10
C,GS,10.040546763036094,0.10499928031106828,0.3285101140123408,1.0,True,False,False,11,2023-01-04,2025-01-06,2025-01-07,2025-07-10
C,JPM,8.272773081135579,0.25309943677819235,0.5564005274475681,1.0,True,False,False,11,2023-01-04,2025-01-06,2025-01-07,2025-07-10
C,MS,-0.36748368317845204,0.5752403472802758,0.7093916335715749,1.0,True,False,False,11,2023-01-04,2025-01-06,2025-01-07,2025-07-10
C,PNC,4.900081507455887,0.32457083067071146,0.1742670310051198,1.0,True,False,False,11,2023-01-04,2025-01-06,2025-01-07,2025-07-10
C,TFC,7.497650212085536,1.2751789119051535,0.3765437386509631,1.0,True,False,False,11,2023-01-04,2025-01-06,2025-01-07,2025-07-10
C,USB,2.047202104315808,1.2927360736590718,0.4833631088808229,1.0,True,False,False,11,2023-01-04,2025-01-06,2025-01-07,2025-07-10
C,WFC,7.345155118807594,0.8926642666661145,0.08970506898566266,1.0,True,False,False,11,2023-01-04,2025-01-06,2025-01-07,2025-07-10
GS,JPM,-5.390296327555207,2.342856334707904,0.42997918855227485,1.0,True,False,False,11,2023-01-04,2025-01-06,2025-01-07,2025-07-10
GS,MS,-111.51578306498455,5.616989928248682,0.50875951433581,1.0,True,False,False,11,2023-01-04,2025-01-06,2025-01-07,2025-07-10
GS,PNC,-44.61697120707849,3.0606852265393933,0.17978066980700463,1.0,True,False,False,11,2023-01-04,2025-01-06,2025-01-07,2025-07-10
GS,TFC,-6.561111233117043,11.62833215380697,0.563222196106524,1.0,True,False,False,11,2023-01-04,2025-01-06,2025-01-07,2025-07-10
GS,USB,-63.506971604490566,11.979299214081934,0.5128792435094217,1.0,True,False,False,11,2023-01-04,2025-01-06,2025-01-07,2025-07-10
GS,WFC,-1.61237670877291,8.010876884538202,0.4117223149307639,1.0,True,False,False,11,2023-01-04,2025-01-06,2025-01-07,2025-07-10
JPM,MS,-21.975760642533487,2.1368699055002236,0.7355393428050983,1.0,True,False,False,11,2023-01-04,2025-01-06,2025-01-07,2025-07-10
JPM,PNC,-3.104858486007113,1.2105913052340005,0.1405831272411952,1.0,True,False,False,11,2023-01-04,2025-01-06,2025-01-07,2025-07-10
JPM,TFC,21.371691010994656,4.323771269788386,0.4278547342105265,1.0,True,False,False,11,2023-01-04,2025-01-06,2025-01-07,2025-07-10
JPM,USB,-9.254575397468999,4.703335538520723,0.3443279675000613,1.0,True,False,False,11,2023-01-04,2025-01-06,2025-01-07,2025-07-10
JPM,WFC,4.776692191113341,3.3547343733360115,0.3237319144372626,1.0,True,False,False,11,2023-01-04,2025-01-06,2025-01-07,2025-07-10
MS,PNC,19.05608835361098,0.49470202119495,0.3569271138079406,1.0,True,False,False,11,2023-01-04,2025-01-06,2025-01-07,2025-07-10
MS,TFC,22.492182702853295,1.9588874623062775,0.6311260128906284,1.0,True,False,False,11,2023-01-04,2025-01-06,2025-01-07,2025-07-10
MS,USB,12.649942176563613,2.024578415310884,0.6372872216126712,1.0,True,False,False,11,2023-01-04,2025-01-06,2025-01-07,2025-07-10
MS,WFC,27.42504068984313,1.2658808976226523,0.7239284428168953,1.0,True,False,False,11,2023-01-04,2025-01-06,2025-01-07,2025-07-10
PNC,TFC,2.109256776200332,4.1011571345505065,0.4351176003518896,1.0,True,False,False,11,2023-01-04,2025-01-06,2025-01-07,2025-07-10
PNC,USB,-17.71012352592839,4.217964590161602,0.3236682020253676,1.0,True,False,False,11,2023-01-04,2025-01-06,2025-01-07,2025-07-10
PNC,WFC,24.028321268651652,2.4138200309614986,0.2260660950095722,1.0,True,False,False,11,2023-01-04,2025-01-06,2025-01-07,2025-07-10
TFC,USB,-2.147175012245508,0.9577190923393527,0.3032278987175794,1.0,True,False,False,11,2023-01-04,2025-01-06,2025-01-07,2025-07-10
TFC,WFC,11.350920636650345,0.46605196754266676,0.30866266306383716,1.0,True,False,False,11,2023-01-04,2025-01-06,2025-01-07,2025-07-10
USB,WFC,13.86420876121177,0.49131440374301644,0.27262913289197654,1.0,True,False,False,11,2023-01-04,2025-01-06,2025-01-07,2025-07-10
BAC,BK,13.528292317698165,0.37206647682469773,0.34654478289805757,1.0,True,False,False,12,2023-07-07,2025-07-10,2025-07-11,2025-07-31
BAC,C,8.213816001874623,0.49135344812912096,0.46131070002640806,1.0,True,False,False,12,2023-07-07,2025-07-10,2025-07-11,2025-07-31
BAC,GS,11.286027739366823,0.056009353456979674,0.5573890050709467,1.0,True,False,False,12,2023-07-07,2025-07-10,2025-07-11,2025-07-31
BAC,JPM,8.097011310075217,0.14430038454175803,0.5774322006575646,1.0,True,False,False,12,2023-07-07,2025-07-10,2025-07-11,2025-07-31
BAC,MS,7.2784919551654745,0.29696129488770884,0.6507683107027038,1.0,True,False,False,12,2023-07-07,2025-07-10,2025-07-11,2025-07-31
BAC,PNC,1.807534228109511,0.22627694046160401,0.5359613390679551,1.0,True,False,False,12,2023-07-07,2025-07-10,2025-07-11,2025-07-31
BAC,TFC,-0.6261785654437839,1.0363874135412616,0.23218151858587194,1.0,True,False,False,12,2023-07-07,2025-07-10,2025-07-11,2025-07-31
BAC,USB,-8.010585236762067,1.1182448302866461,0.5626602164533567,1.0,True,False,False,12,2023-07-07,2025-07-10,2025-07-11,2025-07-31
BAC,WFC,9.060768209222509,0.48646566230116195,0.546236441420426,1.0,True,False,False,12,2023-07-07,2025-07-10,2025-07-11,2025-07-31
BK,C,-7.378249794326484,1.2029397913729158,0.3637014779401274,1.0,True,False,False,12,2023-07-07,2025-07-10,2025-07-11,2025-07-31
BK,GS,-1.645748514643945,0.14101216550753032,0.2009938196356455,1.0,True,False,False,12,2023-07-07,2025-07-10,2025-07-11,2025-07-31
BK,JPM,-10.880432738662595,0.3693083990447311,0.09387019047905665,1.0,True,False,False,12,2023-07-07,2025-07-10,2025-07-11,2025-07-31
BK,MS,-12.332095794329655,0.7535983355064713,0.23371548443238538,1.0,True,False,False,12,2023-07-07,2025-07-10,2025-07-11,2025-07-31
BK,PNC,-18.649875289234522,0.525644847618452,0.8088876945742289,1.0,True,False,False,12,2023-07-07,2025-07-10,2025-07-11,2025-07-31
BK,TFC,-23.207653731809593,2.377401369624711,0.7027203576428093,1.0,True,False,False,12,2023-07-07,2025-07-10,2025-07-11,2025-07-31
BK,USB,-37.87205262080823,2.5087204990339855,0.7300568941402743,1.0,True,False,False,12,2023-07-07,2025-07-10,2025-07-11,2025-07-31
BK,WFC,-6.60470690642413,1.2135680728327016,0.2805617988228677,1.0,True,False,False,12,2023-07-07,2025-07-10,2025-07-11,2025-07-31
C,GS,7.662583682127156,0.1109245572340116,0.3182675306923118,1.0,True,False,False,12,2023-07-07,2025-07-10,2025-07-11,2025-07-31
C,JPM,0.2544900771059502,0.29122620139970257,0.20646285455534374,1.0,True,False,False,12,2023-07-07,2025-07-10,2025-07-11,2025-07-31
C,MS,0.058344037316990116,0.5848043366827549,0.6639095130385833,1.0,True,False,False,12,2023-07-07,2025-07-10,2025-07-11,2025-07-31
C,PNC,-6.3654982057892635,0.4176755525240007,0.8961282665112487,1.0,True,False,False,12,2023-07-07,2025-07-10,2025-07-11,2025-07-31
C,TFC,-11.79638434298648,1.938845000570424,0.9078816738997599,1.0,True,False,False,12,2023-07-07,2025-07-10,2025-07-11,2025-07-31
C,USB,-22.929928952956757,2.025447910880126,0.8356166623987301,1.0,True,False,False,12,2023-07-07,2025-07-10,2025-07-11,2025-07-31
C,WFC,2.2559514946200157,0.9808016879187734,0.12155492613281599,1.0,True,False,False,12,2023-07-07,2025-07-10,2025-07-11,2025-07-31
GS,JPM,-56.55167954840281,2.57444075284286,0.057629465807905775,1.0,True,False,False,12,2023-07-07,2025-07-10,2025-07-11,2025-07-31
GS,MS,-75.44773809901113,5.340862180689085,0.2622863769837644,1.0,True,False,False,12,2023-07-07,2025-07-10,2025-07-11,2025-07-31
GS,PNC,-127.7186936580942,3.7734511250462637,0.8937083916656531,1.0,True,False,False,12,2023-07-07,2025-07-10,2025-07-11,2025-07-31
GS,TFC,-164.64675650962556,17.182455815689487,0.8885559682451483,1.0,True,False,False,12,2023-07-07,2025-07-10,2025-07-11,2025-07-31
GS,USB,-268.6443095732639,18.08221544077064,0.7998680058704166,1.0,True,False,False,12,2023-07-07,2025-07-10,2025-07-11,2025-07-31
GS,WFC,-30.104108236320133,8.51812832779906,0.35389980018806694,1.0,True,False,False,12,2023-07-07,2025-07-10,2025-07-11,2025-07-31
JPM,MS,-1.7411231004367078,2.0187251674222018,0.221746861822461,1.0,True,False,False,12,2023-07-07,2025-07-10,2025-07-11,2025-07-31
JPM,PNC,-19.199952570068433,1.4115218982478752,0.8746704686107524,1.0,True,False,False,12,2023-07-07,2025-07-10,2025-07-11,2025-07-31
JPM,TFC,-33.897664735645215,6.451703757382218,0.8691514127515361,1.0,True,False,False,12,2023-07-07,2025-07-10,2025-07-11,2025-07-31
JPM,USB,-71.92948709065976,6.7642989843140935,0.8592923322310303,1.0,True,False,False,12,2023-07-07,2025-07-10,2025-07-11,2025-07-31
JPM,WFC,10.499203557229798,3.304800316851248,0.23838685506556634,1.0,True,False,False,12,2023-07-07,2025-07-10,2025-07-11,2025-07-31
MS,PNC,-4.647297903448786,0.6735244788901175,0.8000537087436046,1.0,True,False,False,12,2023-07-07,2025-07-10,2025-07-11,2025-07-31
MS,TFC,-9.339208218549533,3.014653258145123,0.8854424695811836,1.0,True,False,False,12,2023-07-07,2025-07-10,2025-07-11,2025-07-31
MS,USB,-32.149594680284416,3.285780942302533,0.7270380375172087,1.0,True,False,False,12,2023-07-07,2025-07-10,2025-07-11,2025-07-31
MS,WFC,11.238686024637355,1.5471224044197371,0.329120537155028,1.0,True,False,False,12,2023-07-07,2025-07-10,2025-07-11,2025-07-31
PNC,TFC,-9.309121661405797,4.540386392400068,0.004334678914576057,0.19506055115592258,True,False,False,12,2023-07-07,2025-07-10,2025-07-11,2025-07-31
PNC,USB,-47.07270006951151,5.033326816162926,0.03344935355281266,1.0,True,False,False,12,2023-07-07,2025-07-10,2025-07-11,2025-07-31
PNC,WFC,45.00281333769503,1.9248199657273743,0.7689622444717614,1.0,True,False,False,12,2023-07-07,2025-07-10,2025-07-11,2025-07-31
TFC,USB,-6.998836806152585,1.0758489503734392,0.10842569202918201,1.0,True,False,False,12,2023-07-07,2025-07-10,2025-07-11,2025-07-31
TFC,WFC,12.487163252187022,0.4148046974814501,0.7165899004835695,1.0,True,False,False,12,2023-07-07,2025-07-10,2025-07-11,2025-07-31
USB,WFC,20.377467388414374,0.34618841343281725,0.4032528568004248,1.0,True,False,False,12,2023-07-07,2025-07-10,2025-07-11,2025-07-31
