window,minimum_p,unadjusted_5pct,bonferroni_pass,bh_pass,bh_i1_pass,minimum_bh_adjusted_p,plausible_i1_pairs,eligible,selected
1,0.07870250127584105,0,0,0,0,0.8846067168759861,45,0,0
2,0.033288668792113896,3,0,0,0,0.5161451871757139,28,0,0
3,0.09387300954077099,0,0,0,0,0.9807019331583297,45,0,0
4,0.008175100312526384,2,0,0,0,0.3678795140636873,45,0,0
5,0.007998320912131521,6,0,0,0,0.17912367619216302,45,0,0
6,0.050332500334610626,0,0,0,0,0.8506176073386919,45,0,0
7,0.00732600406871037,2,0,0,0,0.21222366551604777,36,0,0
8,0.021884256760457913,2,0,0,0,0.6430732943053268,45,0,0
9,0.007605325412900249,2,0,0,0,0.3422396435805112,21,0,0
10,0.12630217308250646,0,0,0,0,0.9866816284486333,45,0,0
11,0.004658615008726262,1,0,0,0,0.2096376753926818,45,0,0
12,0.004334678914576057,2,0,0,0,0.19506055115592255,45,0,0
