window,formation_start,formation_end,trading_start,trading_end
1,2018-01-02,2020-01-02,2020-01-03,2020-07-02
2,2018-07-03,2020-07-02,2020-07-06,2020-12-31
3,2019-01-03,2020-12-31,2021-01-04,2021-07-02
4,2019-07-05,2021-07-02,2021-07-06,2021-12-31
5,2020-01-03,2021-12-31,2022-01-03,2022-07-05
6,2020-07-06,2022-07-05,2022-07-06,2023-01-03
7,2021-01-04,2023-01-03,2023-01-04,2023-07-06
8,2021-07-06,2023-07-06,2023-07-07,2024-01-04
9,2022-01-03,2024-01-04,2024-01-05,2024-07-08
10,2022-07-06,2024-07-08,2024-07-09,2025-01-06
11,2023-01-04,2025-01-06,2025-01-07,2025-07-10
12,2023-07-07,2025-07-10,2025-07-11,2025-07-31
